# Blender v2.93.0 OBJ File: 'TrafficCone.blend'
# www.blender.org
mtllib TrafficCone.mtl
o Cube_Cube.001
v -1.171756 -0.014259 1.463228
v -1.463228 -0.014259 1.171756
v -1.236615 -0.014259 1.455921
v -1.298221 -0.014259 1.434363
v -1.353486 -0.014259 1.399638
v -1.399638 -0.014259 1.353486
v -1.434363 -0.014259 1.298221
v -1.455920 -0.014259 1.236615
v -1.463228 -0.014259 -1.171756
v -1.171756 -0.014259 -1.463228
v -1.455921 -0.014259 -1.236615
v -1.434363 -0.014259 -1.298221
v -1.399638 -0.014259 -1.353486
v -1.353486 -0.014259 -1.399638
v -1.298221 -0.014259 -1.434363
v -1.236615 -0.014259 -1.455920
v 1.463228 -0.014259 1.171756
v 1.171756 -0.014259 1.463228
v 1.455921 -0.014259 1.236615
v 1.434363 -0.014259 1.298221
v 1.399638 -0.014259 1.353486
v 1.353486 -0.014259 1.399638
v 1.298221 -0.014259 1.434363
v 1.236615 -0.014259 1.455920
v 1.171756 -0.014259 -1.463228
v 1.463228 -0.014259 -1.171756
v 1.236615 -0.014259 -1.455921
v 1.298221 -0.014259 -1.434363
v 1.353486 -0.014259 -1.399638
v 1.399638 -0.014259 -1.353486
v 1.434363 -0.014259 -1.298221
v 1.455920 -0.014259 -1.236615
v 0.000000 0.230858 -0.944572
v 0.184277 0.230858 -0.926422
v 0.361472 0.230858 -0.872671
v 0.524776 0.230858 -0.785383
v 0.667913 0.230858 -0.667913
v 0.785383 0.230858 -0.524776
v 0.872671 0.230858 -0.361472
v 0.926422 0.230858 -0.184277
v 0.944572 0.230858 0.000000
v 0.926422 0.230858 0.184277
v 0.872671 0.230858 0.361472
v 0.785383 0.230858 0.524776
v 0.667913 0.230858 0.667913
v 0.524776 0.230858 0.785383
v 0.361472 0.230858 0.872671
v 0.184277 0.230858 0.926422
v -0.000000 0.230858 0.944572
v -0.184277 0.230858 0.926422
v -0.361472 0.230858 0.872671
v -0.524776 0.230858 0.785383
v -0.667913 0.230858 0.667913
v -0.785383 0.230858 0.524776
v -0.872671 0.230858 0.361472
v -0.926422 0.230858 0.184277
v -0.944572 0.230858 -0.000000
v -0.926422 0.230858 -0.184277
v -0.872671 0.230858 -0.361472
v -0.785383 0.230858 -0.524776
v -0.667913 0.230858 -0.667913
v -0.524776 0.230858 -0.785383
v -0.361472 0.230858 -0.872671
v -0.184277 0.230858 -0.926422
v 0.000000 0.140465 -1.110000
v 0.216550 0.140465 -1.088672
v 0.424779 0.140465 -1.025506
v 0.616683 0.140465 -0.922931
v 0.784889 0.140465 -0.784889
v 0.922931 0.140465 -0.616683
v 1.025506 0.140465 -0.424779
v 1.088672 0.140465 -0.216550
v 1.110000 0.140465 0.000000
v 1.088672 0.140465 0.216550
v 1.025506 0.140465 0.424779
v 0.922931 0.140465 0.616683
v 0.784889 0.140465 0.784889
v 0.616683 0.140465 0.922931
v 0.424779 0.140465 1.025506
v 0.216550 0.140465 1.088672
v -0.000000 0.140465 1.110000
v -0.216550 0.140465 1.088672
v -0.424779 0.140465 1.025506
v -0.616683 0.140465 0.922931
v -0.784889 0.140465 0.784889
v -0.922931 0.140465 0.616683
v -1.025506 0.140465 0.424779
v -1.088672 0.140465 0.216550
v -1.110000 0.140465 -0.000000
v -1.088672 0.140465 -0.216550
v -1.025506 0.140465 -0.424779
v -0.922931 0.140465 -0.616683
v -0.784889 0.140465 -0.784889
v -0.616683 0.140465 -0.922931
v -0.424779 0.140465 -1.025506
v -0.216550 0.140465 -1.088672
v 0.000000 3.381408 -0.129125
v 0.000000 3.351195 -0.167921
v 0.000000 3.379929 -0.139158
v 0.000000 3.375638 -0.148945
v 0.000000 3.368954 -0.157528
v 0.000000 3.360532 -0.164067
v 0.025191 3.381408 -0.126644
v 0.032760 3.351195 -0.164695
v 0.027148 3.379929 -0.136484
v 0.029058 3.375638 -0.146083
v 0.030732 3.368954 -0.154501
v 0.032008 3.360532 -0.160914
v 0.049414 3.381408 -0.119296
v 0.064261 3.351195 -0.155139
v 0.053254 3.379929 -0.128565
v 0.056999 3.375638 -0.137607
v 0.060283 3.368954 -0.145537
v 0.062786 3.360532 -0.151578
v 0.071738 3.381408 -0.107364
v 0.093292 3.351195 -0.139621
v 0.077312 3.379929 -0.115706
v 0.082749 3.375638 -0.123843
v 0.087518 3.368954 -0.130980
v 0.091151 3.360532 -0.136416
v 0.091305 3.381408 -0.091305
v 0.118738 3.351195 -0.118738
v 0.098400 3.379929 -0.098400
v 0.105320 3.375638 -0.105320
v 0.111389 3.368954 -0.111389
v 0.116013 3.360532 -0.116013
v 0.107364 3.381408 -0.071738
v 0.139621 3.351195 -0.093292
v 0.115706 3.379929 -0.077312
v 0.123843 3.375638 -0.082749
v 0.130980 3.368954 -0.087518
v 0.136416 3.360532 -0.091151
v 0.119296 3.381408 -0.049414
v 0.155139 3.351195 -0.064261
v 0.128565 3.379929 -0.053253
v 0.137607 3.375638 -0.056999
v 0.145537 3.368954 -0.060283
v 0.151578 3.360532 -0.062786
v 0.126644 3.381408 -0.025191
v 0.164695 3.351195 -0.032760
v 0.136484 3.379929 -0.027148
v 0.146083 3.375638 -0.029058
v 0.154501 3.368954 -0.030732
v 0.160914 3.360532 -0.032008
v 0.129125 3.381408 0.000000
v 0.167921 3.351195 0.000000
v 0.139158 3.379929 0.000000
v 0.148945 3.375638 0.000000
v 0.157528 3.368954 0.000000
v 0.164067 3.360532 0.000000
v 0.126644 3.381408 0.025191
v 0.164695 3.351195 0.032760
v 0.136484 3.379929 0.027148
v 0.146083 3.375638 0.029058
v 0.154501 3.368954 0.030732
v 0.160914 3.360532 0.032008
v 0.119296 3.381408 0.049414
v 0.155139 3.351195 0.064261
v 0.128565 3.379929 0.053254
v 0.137607 3.375638 0.056999
v 0.145537 3.368954 0.060283
v 0.151578 3.360532 0.062786
v 0.107364 3.381408 0.071738
v 0.139621 3.351195 0.093292
v 0.115706 3.379929 0.077312
v 0.123843 3.375638 0.082749
v 0.130980 3.368954 0.087518
v 0.136416 3.360532 0.091151
v 0.091305 3.381408 0.091305
v 0.118738 3.351195 0.118738
v 0.098400 3.379929 0.098400
v 0.105320 3.375638 0.105320
v 0.111389 3.368954 0.111389
v 0.116013 3.360532 0.116013
v 0.071738 3.381408 0.107364
v 0.093292 3.351195 0.139621
v 0.077312 3.379929 0.115706
v 0.082749 3.375638 0.123843
v 0.087518 3.368954 0.130980
v 0.091151 3.360532 0.136416
v 0.049414 3.381408 0.119296
v 0.064261 3.351195 0.155139
v 0.053254 3.379929 0.128565
v 0.056999 3.375638 0.137607
v 0.060283 3.368954 0.145537
v 0.062786 3.360532 0.151578
v 0.025191 3.381408 0.126644
v 0.032760 3.351195 0.164695
v 0.027148 3.379929 0.136484
v 0.029058 3.375638 0.146083
v 0.030732 3.368954 0.154501
v 0.032008 3.360532 0.160914
v -0.000000 3.381408 0.129125
v 0.000000 3.351195 0.167921
v -0.000000 3.379929 0.139158
v -0.000000 3.375638 0.148945
v -0.000000 3.368954 0.157528
v 0.000000 3.360532 0.164067
v -0.025191 3.381408 0.126644
v -0.032760 3.351195 0.164695
v -0.027148 3.379929 0.136484
v -0.029058 3.375638 0.146083
v -0.030732 3.368954 0.154501
v -0.032008 3.360532 0.160914
v -0.049414 3.381408 0.119296
v -0.064261 3.351195 0.155139
v -0.053253 3.379929 0.128565
v -0.056999 3.375638 0.137607
v -0.060283 3.368954 0.145537
v -0.062786 3.360532 0.151578
v -0.071738 3.381408 0.107364
v -0.093292 3.351195 0.139621
v -0.077312 3.379929 0.115706
v -0.082749 3.375638 0.123843
v -0.087518 3.368954 0.130980
v -0.091151 3.360532 0.136416
v -0.091305 3.381408 0.091305
v -0.118738 3.351195 0.118738
v -0.098400 3.379929 0.098400
v -0.105320 3.375638 0.105320
v -0.111389 3.368954 0.111389
v -0.116013 3.360532 0.116013
v -0.107364 3.381408 0.071738
v -0.139621 3.351195 0.093292
v -0.115706 3.379929 0.077312
v -0.123843 3.375638 0.082749
v -0.130980 3.368954 0.087518
v -0.136416 3.360532 0.091151
v -0.119296 3.381408 0.049414
v -0.155139 3.351195 0.064261
v -0.128565 3.379929 0.053254
v -0.137607 3.375638 0.056999
v -0.145537 3.368954 0.060283
v -0.151578 3.360532 0.062786
v -0.126644 3.381408 0.025191
v -0.164695 3.351195 0.032760
v -0.136484 3.379929 0.027148
v -0.146083 3.375638 0.029058
v -0.154501 3.368954 0.030732
v -0.160914 3.360532 0.032008
v -0.129125 3.381408 0.000000
v -0.167921 3.351195 0.000000
v -0.139158 3.379929 0.000000
v -0.148945 3.375638 0.000000
v -0.157528 3.368954 0.000000
v -0.164067 3.360532 0.000000
v -0.126644 3.381408 -0.025191
v -0.164695 3.351195 -0.032760
v -0.136484 3.379929 -0.027148
v -0.146083 3.375638 -0.029058
v -0.154501 3.368954 -0.030732
v -0.160914 3.360532 -0.032008
v -0.119296 3.381408 -0.049414
v -0.155139 3.351195 -0.064261
v -0.128565 3.379929 -0.053254
v -0.137607 3.375638 -0.056999
v -0.145537 3.368954 -0.060283
v -0.151578 3.360532 -0.062786
v -0.107364 3.381408 -0.071738
v -0.139621 3.351195 -0.093292
v -0.115706 3.379929 -0.077312
v -0.123843 3.375638 -0.082749
v -0.130980 3.368954 -0.087518
v -0.136416 3.360532 -0.091151
v -0.091305 3.381408 -0.091305
v -0.118738 3.351195 -0.118738
v -0.098400 3.379929 -0.098400
v -0.105320 3.375638 -0.105320
v -0.111389 3.368954 -0.111389
v -0.116013 3.360532 -0.116013
v -0.071738 3.381408 -0.107364
v -0.093292 3.351195 -0.139621
v -0.077312 3.379929 -0.115706
v -0.082749 3.375638 -0.123843
v -0.087518 3.368954 -0.130980
v -0.091151 3.360532 -0.136416
v -0.049414 3.381408 -0.119296
v -0.064261 3.351195 -0.155139
v -0.053253 3.379929 -0.128565
v -0.056999 3.375638 -0.137607
v -0.060283 3.368954 -0.145537
v -0.062786 3.360532 -0.151578
v -0.025191 3.381408 -0.126644
v -0.032760 3.351195 -0.164695
v -0.027148 3.379929 -0.136484
v -0.029058 3.375638 -0.146083
v -0.030732 3.368954 -0.154501
v -0.032008 3.360532 -0.160914
v -1.416396 0.141826 1.100007
v -1.436122 0.117435 1.144650
v -1.421182 0.140648 1.112494
v -1.425993 0.137192 1.124250
v -1.430358 0.131796 1.134127
v -1.433848 0.124988 1.141156
v -1.144650 0.117435 1.436122
v -1.091799 0.141828 1.417616
v -1.140754 0.124988 1.433907
v -1.132559 0.131796 1.430591
v -1.120867 0.137193 1.426497
v -1.106822 0.140649 1.422026
v -1.407782 0.141830 1.173154
v -1.428811 0.117451 1.209505
v -1.412972 0.140652 1.183079
v -1.418147 0.137197 1.192525
v -1.422799 0.131803 1.200567
v -1.426474 0.124999 1.206418
v -1.383854 0.141833 1.241192
v -1.407250 0.117471 1.271108
v -1.389777 0.140655 1.249130
v -1.395612 0.137202 1.256782
v -1.400788 0.131812 1.263400
v -1.404798 0.125013 1.268337
v -1.345763 0.141834 1.301333
v -1.372522 0.117484 1.326370
v -1.352726 0.140656 1.307763
v -1.359499 0.137205 1.314056
v -1.365419 0.131818 1.319595
v -1.369906 0.125022 1.323838
v -1.295249 0.141835 1.351034
v -1.326370 0.117484 1.372522
v -1.303560 0.140657 1.356368
v -1.311548 0.137205 1.361671
v -1.318433 0.131818 1.366425
v -1.323540 0.125022 1.370164
v -1.234516 0.141834 1.388090
v -1.271108 0.117471 1.407250
v -1.244516 0.140656 1.392704
v -1.254030 0.137202 1.397358
v -1.262125 0.131812 1.401596
v -1.268010 0.125013 1.405005
v -1.166021 0.141832 1.410737
v -1.209506 0.117451 1.428811
v -1.178150 0.140653 1.415014
v -1.189585 0.137198 1.419365
v -1.199205 0.131804 1.423363
v -1.206069 0.124999 1.426618
v -1.100007 0.141826 -1.416396
v -1.144650 0.117435 -1.436122
v -1.112494 0.140648 -1.421182
v -1.124250 0.137192 -1.425993
v -1.134127 0.131796 -1.430358
v -1.141156 0.124988 -1.433848
v -1.436122 0.117435 -1.144650
v -1.417616 0.141828 -1.091799
v -1.433907 0.124988 -1.140754
v -1.430591 0.131796 -1.132559
v -1.426497 0.137193 -1.120867
v -1.422026 0.140649 -1.106822
v -1.209505 0.117451 -1.428811
v -1.173154 0.141830 -1.407782
v -1.206418 0.124999 -1.426474
v -1.200567 0.131803 -1.422799
v -1.192525 0.137197 -1.418147
v -1.183079 0.140652 -1.412972
v -1.271108 0.117471 -1.407250
v -1.241192 0.141833 -1.383854
v -1.268337 0.125013 -1.404798
v -1.263400 0.131812 -1.400788
v -1.256782 0.137202 -1.395612
v -1.249130 0.140655 -1.389777
v -1.326370 0.117484 -1.372522
v -1.301333 0.141834 -1.345763
v -1.323838 0.125022 -1.369906
v -1.319595 0.131818 -1.365419
v -1.314056 0.137205 -1.359499
v -1.307763 0.140656 -1.352726
v -1.372522 0.117484 -1.326370
v -1.351034 0.141835 -1.295249
v -1.370164 0.125022 -1.323540
v -1.366425 0.131818 -1.318433
v -1.361671 0.137205 -1.311548
v -1.356368 0.140657 -1.303560
v -1.407250 0.117471 -1.271108
v -1.388090 0.141834 -1.234516
v -1.405005 0.125013 -1.268010
v -1.401596 0.131812 -1.262125
v -1.397358 0.137202 -1.254030
v -1.392704 0.140656 -1.244516
v -1.428811 0.117451 -1.209506
v -1.410737 0.141832 -1.166021
v -1.426618 0.124999 -1.206069
v -1.423363 0.131804 -1.199205
v -1.419365 0.137198 -1.189585
v -1.415014 0.140653 -1.178150
v 1.100007 0.141826 1.416396
v 1.144650 0.117435 1.436122
v 1.112494 0.140648 1.421182
v 1.124250 0.137192 1.425993
v 1.134127 0.131796 1.430358
v 1.141156 0.124988 1.433848
v 1.436122 0.117435 1.144650
v 1.417616 0.141828 1.091799
v 1.433907 0.124988 1.140754
v 1.430591 0.131796 1.132559
v 1.426497 0.137193 1.120867
v 1.422026 0.140649 1.106822
v 1.209505 0.117451 1.428811
v 1.173154 0.141830 1.407782
v 1.206418 0.124999 1.426474
v 1.200567 0.131803 1.422799
v 1.192525 0.137197 1.418147
v 1.183079 0.140652 1.412972
v 1.271108 0.117471 1.407250
v 1.241192 0.141833 1.383854
v 1.268337 0.125013 1.404798
v 1.263400 0.131812 1.400788
v 1.256782 0.137202 1.395612
v 1.249129 0.140655 1.389777
v 1.326370 0.117484 1.372522
v 1.301333 0.141834 1.345763
v 1.323838 0.125022 1.369906
v 1.319595 0.131818 1.365419
v 1.314056 0.137205 1.359499
v 1.307763 0.140656 1.352726
v 1.372522 0.117484 1.326370
v 1.351034 0.141835 1.295249
v 1.370164 0.125022 1.323540
v 1.366425 0.131818 1.318433
v 1.361671 0.137205 1.311548
v 1.356368 0.140657 1.303560
v 1.407250 0.117471 1.271108
v 1.388090 0.141834 1.234516
v 1.405005 0.125013 1.268010
v 1.401596 0.131812 1.262125
v 1.397358 0.137202 1.254030
v 1.392704 0.140656 1.244516
v 1.428811 0.117451 1.209506
v 1.410737 0.141832 1.166021
v 1.426618 0.124999 1.206069
v 1.423363 0.131804 1.199205
v 1.419365 0.137198 1.189585
v 1.415014 0.140653 1.178150
v 1.416396 0.141826 -1.100007
v 1.436122 0.117435 -1.144650
v 1.421182 0.140648 -1.112494
v 1.425993 0.137192 -1.124250
v 1.430358 0.131796 -1.134127
v 1.433848 0.124988 -1.141156
v 1.144650 0.117435 -1.436122
v 1.091799 0.141828 -1.417616
v 1.140754 0.124988 -1.433907
v 1.132559 0.131796 -1.430591
v 1.120867 0.137193 -1.426497
v 1.106822 0.140649 -1.422026
v 1.428811 0.117451 -1.209505
v 1.407782 0.141830 -1.173154
v 1.426474 0.124999 -1.206418
v 1.422799 0.131803 -1.200567
v 1.418147 0.137197 -1.192525
v 1.412972 0.140652 -1.183079
v 1.407250 0.117471 -1.271108
v 1.383854 0.141833 -1.241192
v 1.404798 0.125013 -1.268337
v 1.400788 0.131812 -1.263400
v 1.395612 0.137202 -1.256782
v 1.389777 0.140655 -1.249130
v 1.372522 0.117484 -1.326370
v 1.345763 0.141834 -1.301333
v 1.369906 0.125022 -1.323838
v 1.365419 0.131818 -1.319595
v 1.359499 0.137205 -1.314056
v 1.352726 0.140656 -1.307763
v 1.326370 0.117484 -1.372522
v 1.295249 0.141835 -1.351034
v 1.323540 0.125022 -1.370164
v 1.318433 0.131818 -1.366425
v 1.311548 0.137205 -1.361671
v 1.303560 0.140657 -1.356368
v 1.271108 0.117471 -1.407250
v 1.234516 0.141834 -1.388090
v 1.268010 0.125013 -1.405005
v 1.262125 0.131812 -1.401596
v 1.254030 0.137202 -1.397358
v 1.244517 0.140656 -1.392704
v 1.209506 0.117451 -1.428811
v 1.166021 0.141832 -1.410737
v 1.206069 0.124999 -1.426618
v 1.199205 0.131804 -1.423363
v 1.189585 0.137198 -1.419365
v 1.178150 0.140653 -1.415014
v -0.000000 0.206413 -1.093149
v -0.000000 0.230858 -1.061558
v -0.000000 0.213967 -1.089979
v -0.000000 0.220781 -1.084638
v -0.000000 0.226189 -1.077649
v -0.000000 0.229661 -1.069696
v 0.207100 0.230858 -1.041161
v 0.213263 0.206413 -1.072145
v 0.208687 0.229661 -1.049142
v 0.210239 0.226189 -1.056942
v 0.211602 0.220781 -1.063797
v 0.212644 0.213967 -1.069035
v 0.406241 0.230858 -0.980752
v 0.418330 0.206413 -1.009938
v 0.409355 0.229661 -0.988270
v 0.412398 0.226189 -0.995617
v 0.415073 0.220781 -1.002074
v 0.417117 0.213967 -1.007009
v 0.589770 0.230858 -0.882654
v 0.607321 0.206413 -0.908920
v 0.594291 0.229661 -0.889420
v 0.598710 0.226189 -0.896032
v 0.602592 0.220781 -0.901843
v 0.605560 0.213967 -0.906284
v 0.750635 0.230858 -0.750635
v 0.772973 0.206413 -0.772973
v 0.756389 0.229661 -0.756389
v 0.762013 0.226189 -0.762013
v 0.766954 0.220781 -0.766955
v 0.770731 0.213967 -0.770731
v 0.882654 0.230858 -0.589770
v 0.908920 0.206413 -0.607321
v 0.889420 0.229661 -0.594291
v 0.896032 0.226189 -0.598710
v 0.901843 0.220781 -0.602592
v 0.906284 0.213967 -0.605560
v 0.980752 0.230858 -0.406241
v 1.009938 0.206413 -0.418330
v 0.988270 0.229661 -0.409355
v 0.995617 0.226189 -0.412398
v 1.002074 0.220781 -0.415073
v 1.007009 0.213967 -0.417117
v 1.041161 0.230858 -0.207100
v 1.072145 0.206413 -0.213263
v 1.049142 0.229661 -0.208687
v 1.056942 0.226189 -0.210239
v 1.063797 0.220781 -0.211602
v 1.069035 0.213967 -0.212644
v 1.061558 0.230858 0.000000
v 1.093149 0.206413 0.000000
v 1.069696 0.229661 0.000000
v 1.077648 0.226189 0.000000
v 1.084637 0.220781 0.000000
v 1.089978 0.213967 0.000000
v 1.041161 0.230858 0.207100
v 1.072145 0.206413 0.213263
v 1.049142 0.229661 0.208687
v 1.056942 0.226189 0.210239
v 1.063797 0.220781 0.211602
v 1.069035 0.213967 0.212644
v 0.980752 0.230858 0.406241
v 1.009938 0.206413 0.418330
v 0.988270 0.229661 0.409355
v 0.995617 0.226189 0.412398
v 1.002074 0.220781 0.415073
v 1.007009 0.213967 0.417117
v 0.882654 0.230858 0.589770
v 0.908920 0.206413 0.607321
v 0.889420 0.229661 0.594291
v 0.896032 0.226189 0.598709
v 0.901843 0.220781 0.602592
v 0.906284 0.213967 0.605560
v 0.750635 0.230858 0.750635
v 0.772973 0.206413 0.772973
v 0.756389 0.229661 0.756389
v 0.762013 0.226189 0.762013
v 0.766954 0.220781 0.766955
v 0.770731 0.213967 0.770731
v 0.589770 0.230858 0.882654
v 0.607321 0.206413 0.908920
v 0.594291 0.229661 0.889420
v 0.598709 0.226189 0.896032
v 0.602592 0.220781 0.901843
v 0.605560 0.213967 0.906284
v 0.406241 0.230858 0.980752
v 0.418330 0.206413 1.009938
v 0.409355 0.229661 0.988270
v 0.412398 0.226189 0.995617
v 0.415073 0.220781 1.002074
v 0.417117 0.213967 1.007009
v 0.207100 0.230858 1.041161
v 0.213263 0.206413 1.072145
v 0.208687 0.229661 1.049142
v 0.210239 0.226189 1.056942
v 0.211602 0.220781 1.063797
v 0.212644 0.213967 1.069035
v -0.000000 0.230858 1.061558
v -0.000000 0.206413 1.093149
v -0.000000 0.229661 1.069696
v -0.000000 0.226189 1.077649
v -0.000000 0.220781 1.084638
v -0.000000 0.213967 1.089979
v -0.207100 0.230858 1.041161
v -0.213263 0.206413 1.072145
v -0.208687 0.229661 1.049142
v -0.210239 0.226189 1.056942
v -0.211602 0.220781 1.063797
v -0.212644 0.213967 1.069035
v -0.406241 0.230858 0.980752
v -0.418330 0.206413 1.009938
v -0.409355 0.229661 0.988270
v -0.412398 0.226189 0.995617
v -0.415073 0.220781 1.002074
v -0.417117 0.213967 1.007009
v -0.589770 0.230858 0.882654
v -0.607321 0.206413 0.908920
v -0.594291 0.229661 0.889420
v -0.598710 0.226189 0.896032
v -0.602592 0.220781 0.901843
v -0.605560 0.213967 0.906284
v -0.750635 0.230858 0.750635
v -0.772973 0.206413 0.772973
v -0.756389 0.229661 0.756389
v -0.762013 0.226189 0.762013
v -0.766954 0.220781 0.766955
v -0.770731 0.213967 0.770731
v -0.882653 0.230858 0.589770
v -0.908920 0.206413 0.607321
v -0.889420 0.229661 0.594292
v -0.896032 0.226189 0.598710
v -0.901843 0.220781 0.602592
v -0.906284 0.213967 0.605560
v -0.980752 0.230858 0.406241
v -1.009938 0.206413 0.418330
v -0.988270 0.229661 0.409355
v -0.995618 0.226189 0.412398
v -1.002074 0.220781 0.415073
v -1.007009 0.213967 0.417117
v -1.041161 0.230858 0.207100
v -1.072145 0.206413 0.213263
v -1.049142 0.229661 0.208687
v -1.056942 0.226189 0.210239
v -1.063797 0.220781 0.211602
v -1.069035 0.213967 0.212644
v -1.061558 0.230858 -0.000000
v -1.093149 0.206413 -0.000000
v -1.069696 0.229661 -0.000000
v -1.077649 0.226189 -0.000000
v -1.084638 0.220781 -0.000000
v -1.089979 0.213967 -0.000000
v -1.041161 0.230858 -0.207100
v -1.072145 0.206413 -0.213263
v -1.049142 0.229661 -0.208687
v -1.056942 0.226189 -0.210239
v -1.063797 0.220781 -0.211602
v -1.069035 0.213967 -0.212644
v -0.980752 0.230858 -0.406241
v -1.009938 0.206413 -0.418330
v -0.988270 0.229661 -0.409355
v -0.995617 0.226189 -0.412398
v -1.002074 0.220781 -0.415073
v -1.007009 0.213967 -0.417117
v -0.882654 0.230858 -0.589770
v -0.908921 0.206413 -0.607321
v -0.889420 0.229661 -0.594291
v -0.896032 0.226189 -0.598709
v -0.901843 0.220781 -0.602592
v -0.906284 0.213967 -0.605559
v -0.750635 0.230858 -0.750635
v -0.772973 0.206413 -0.772973
v -0.756389 0.229661 -0.756389
v -0.762013 0.226189 -0.762013
v -0.766955 0.220781 -0.766954
v -0.770731 0.213967 -0.770731
v -0.589770 0.230858 -0.882654
v -0.607321 0.206413 -0.908920
v -0.594291 0.229661 -0.889420
v -0.598710 0.226189 -0.896032
v -0.602592 0.220781 -0.901843
v -0.605560 0.213967 -0.906284
v -0.406241 0.230858 -0.980752
v -0.418330 0.206413 -1.009938
v -0.409355 0.229661 -0.988270
v -0.412398 0.226189 -0.995618
v -0.415073 0.220781 -1.002074
v -0.417117 0.213967 -1.007009
v -0.207100 0.230858 -1.041161
v -0.213263 0.206413 -1.072145
v -0.208687 0.229661 -1.049142
v -0.210239 0.226189 -1.056942
v -0.211602 0.220781 -1.063797
v -0.212644 0.213967 -1.069035
v 0.000000 2.115328 -0.475528
v 0.092771 2.115328 -0.466391
v -0.092771 2.115329 -0.466391
v 0.181977 2.115328 -0.439331
v 0.264189 2.115328 -0.395387
v 0.336249 2.115328 -0.336249
v 0.395387 2.115328 -0.264189
v 0.439331 2.115328 -0.181977
v 0.466391 2.115328 -0.092771
v 0.475528 2.115328 0.000000
v 0.466391 2.115328 0.092771
v 0.439331 2.115328 0.181977
v 0.395387 2.115328 0.264189
v 0.336249 2.115328 0.336249
v 0.264189 2.115328 0.395387
v 0.181977 2.115328 0.439331
v 0.092771 2.115328 0.466391
v -0.000000 2.115328 0.475528
v -0.092771 2.115328 0.466391
v -0.181977 2.115328 0.439331
v -0.264189 2.115328 0.395387
v -0.336249 2.115328 0.336249
v -0.395387 2.115328 0.264189
v -0.439331 2.115328 0.181977
v -0.466391 2.115328 0.092771
v -0.475528 2.115328 0.000000
v -0.466391 2.115328 -0.092771
v -0.439331 2.115328 -0.181977
v -0.395387 2.115328 -0.264189
v -0.336249 2.115328 -0.336249
v -0.264189 2.115328 -0.395387
v -0.181977 2.115328 -0.439331
v 0.000000 2.747243 -0.318245
v -0.062086 2.747243 -0.312130
v 0.062087 2.747243 -0.312130
v 0.121787 2.747243 -0.294020
v 0.176807 2.747243 -0.264611
v 0.225033 2.747243 -0.225033
v 0.264611 2.747243 -0.176807
v 0.294020 2.747243 -0.121787
v 0.312130 2.747243 -0.062086
v 0.318245 2.747243 0.000000
v 0.312130 2.747243 0.062086
v 0.294020 2.747243 0.121787
v 0.264611 2.747243 0.176807
v 0.225033 2.747243 0.225033
v 0.176807 2.747243 0.264611
v 0.121787 2.747243 0.294020
v 0.062087 2.747243 0.312130
v -0.000000 2.747243 0.318245
v -0.062086 2.747243 0.312130
v -0.121787 2.747243 0.294020
v -0.176807 2.747243 0.264611
v -0.225033 2.747243 0.225033
v -0.264611 2.747243 0.176807
v -0.294020 2.747243 0.121787
v -0.312130 2.747243 0.062087
v -0.318245 2.747243 0.000000
v -0.312130 2.747243 -0.062087
v -0.294020 2.747243 -0.121787
v -0.264611 2.747243 -0.176807
v -0.225033 2.747243 -0.225033
v -0.176807 2.747243 -0.264611
v -0.121787 2.747243 -0.294020
v 0.124530 1.461289 -0.626053
v 0.244274 1.461289 -0.589729
v 0.354631 1.461289 -0.530742
v 0.451359 1.461289 -0.451359
v 0.530742 1.461289 -0.354631
v 0.589729 1.461289 -0.244274
v 0.626053 1.461289 -0.124530
v 0.638318 1.461289 0.000000
v 0.626053 1.461289 0.124530
v 0.589729 1.461289 0.244274
v 0.530742 1.461289 0.354631
v 0.451359 1.461289 0.451359
v 0.354631 1.461289 0.530742
v 0.244274 1.461289 0.589729
v 0.124530 1.461289 0.626053
v -0.000000 1.461289 0.638318
v -0.124530 1.461289 0.626053
v -0.244274 1.461289 0.589729
v -0.354631 1.461289 0.530742
v -0.451359 1.461289 0.451359
v -0.530742 1.461289 0.354631
v -0.589729 1.461289 0.244274
v -0.626053 1.461289 0.124530
v -0.638318 1.461289 -0.000000
v -0.626053 1.461289 -0.124530
v -0.589729 1.461289 -0.244274
v -0.530742 1.461289 -0.354630
v -0.451359 1.461289 -0.451359
v -0.354631 1.461289 -0.530742
v -0.244274 1.461289 -0.589729
v 0.000000 1.461289 -0.638318
v -0.124530 1.461289 -0.626053
v 0.155287 0.827880 -0.780679
v 0.304606 0.827880 -0.735384
v 0.442219 0.827880 -0.661828
v 0.562838 0.827880 -0.562838
v 0.661828 0.827880 -0.442219
v 0.735384 0.827880 -0.304606
v 0.780679 0.827880 -0.155287
v 0.795973 0.827880 0.000000
v 0.780679 0.827880 0.155287
v 0.735384 0.827880 0.304606
v 0.661828 0.827880 0.442219
v 0.562838 0.827880 0.562838
v 0.442219 0.827880 0.661828
v 0.304606 0.827880 0.735384
v 0.155287 0.827880 0.780679
v -0.000000 0.827880 0.795973
v -0.155287 0.827880 0.780679
v -0.304606 0.827880 0.735384
v -0.442219 0.827880 0.661828
v -0.562838 0.827880 0.562838
v -0.661828 0.827880 0.442219
v -0.735384 0.827880 0.304606
v -0.780679 0.827880 0.155287
v -0.795973 0.827880 -0.000000
v -0.780679 0.827880 -0.155287
v -0.735384 0.827880 -0.304606
v -0.661828 0.827880 -0.442219
v -0.562838 0.827880 -0.562838
v -0.442219 0.827880 -0.661828
v -0.304606 0.827880 -0.735384
v 0.000000 0.827880 -0.795973
v -0.155287 0.827880 -0.780679
v -1.165022 -0.014259 1.355971
v -1.355971 -0.014259 1.165022
v -1.211779 -0.014259 1.352087
v -1.251595 -0.014259 1.339111
v -1.287426 -0.014259 1.317169
v -1.317169 -0.014259 1.287426
v -1.339111 -0.014259 1.251595
v -1.352087 -0.014259 1.211780
v -1.355971 -0.014259 -1.165022
v -1.165022 -0.014259 -1.355971
v -1.352087 -0.014259 -1.211779
v -1.339111 -0.014259 -1.251595
v -1.317169 -0.014259 -1.287426
v -1.287426 -0.014259 -1.317169
v -1.251595 -0.014259 -1.339111
v -1.211780 -0.014259 -1.352087
v 1.355971 -0.014259 1.165022
v 1.165022 -0.014259 1.355971
v 1.352087 -0.014259 1.211779
v 1.339111 -0.014259 1.251595
v 1.317169 -0.014259 1.287426
v 1.287426 -0.014259 1.317169
v 1.251595 -0.014259 1.339111
v 1.211779 -0.014259 1.352087
v 1.165022 -0.014259 -1.355971
v 1.355971 -0.014259 -1.165022
v 1.211779 -0.014259 -1.352087
v 1.251595 -0.014259 -1.339111
v 1.287426 -0.014259 -1.317169
v 1.317169 -0.014259 -1.287426
v 1.339111 -0.014259 -1.251595
v 1.352087 -0.014259 -1.211780
v 0.000000 0.051381 -0.876110
v 0.170901 0.051414 -0.859235
v 0.335237 0.051441 -0.809350
v 0.486690 0.051451 -0.728383
v 0.619436 0.051454 -0.619433
v 0.728386 0.051451 -0.486684
v 0.809355 0.051438 -0.335234
v 0.859269 0.051390 -0.170882
v 0.876109 0.051381 0.000000
v 0.859235 0.051414 0.170901
v 0.809350 0.051441 0.335237
v 0.728383 0.051451 0.486690
v 0.619433 0.051454 0.619436
v 0.486684 0.051451 0.728386
v 0.335234 0.051438 0.809355
v 0.170882 0.051390 0.859269
v -0.000000 0.051381 0.876110
v -0.170901 0.051414 0.859235
v -0.335237 0.051441 0.809350
v -0.486690 0.051451 0.728383
v -0.619436 0.051454 0.619433
v -0.728386 0.051451 0.486684
v -0.809355 0.051438 0.335234
v -0.859269 0.051390 0.170882
v -0.876110 0.051381 -0.000000
v -0.859235 0.051414 -0.170902
v -0.809350 0.051441 -0.335237
v -0.728383 0.051451 -0.486689
v -0.619433 0.051454 -0.619436
v -0.486684 0.051451 -0.728386
v -0.335234 0.051438 -0.809355
v -0.170882 0.051390 -0.859269
v 0.000000 3.237380 -0.063380
v 0.012366 3.237380 -0.062161
v 0.024255 3.237380 -0.058557
v 0.035212 3.237380 -0.052698
v 0.044816 3.237380 -0.044816
v 0.052698 3.237380 -0.035212
v 0.058557 3.237380 -0.024255
v 0.062164 3.237380 -0.012366
v 0.063380 3.237380 0.000000
v 0.062161 3.237380 0.012366
v 0.058557 3.237380 0.024255
v 0.052698 3.237380 0.035212
v 0.044816 3.237380 0.044816
v 0.035212 3.237380 0.052698
v 0.024255 3.237380 0.058557
v 0.012366 3.237380 0.062161
v 0.000000 3.237380 0.063380
v 0.000000 3.243240 0.000000
v -0.012366 3.237380 0.062164
v -0.024255 3.237380 0.058557
v -0.035212 3.237380 0.052698
v -0.044816 3.237380 0.044816
v -0.052698 3.237380 0.035212
v -0.058557 3.237380 0.024255
v -0.062161 3.237380 0.012366
v -0.063380 3.237380 0.000000
v -0.062161 3.237380 -0.012366
v -0.058557 3.237380 -0.024255
v -0.052698 3.237380 -0.035212
v -0.044816 3.237380 -0.044816
v -0.035212 3.237380 -0.052698
v -0.024255 3.237380 -0.058557
v -0.012366 3.237380 -0.062161
v -1.402833 0.032669 1.099846
v -1.330181 0.088514 1.138339
v -1.377118 0.039874 1.110896
v -1.354536 0.053642 1.120685
v -1.341457 0.067214 1.129162
v -1.333610 0.080095 1.135120
v -1.138275 0.088726 1.330130
v -1.091691 0.032684 1.403933
v -1.134742 0.080917 1.333304
v -1.127796 0.068590 1.340693
v -1.117580 0.055013 1.353454
v -1.105435 0.040418 1.376729
v -1.397741 0.032304 1.171559
v -1.326730 0.084052 1.185768
v -1.378321 0.036470 1.176392
v -1.358167 0.045879 1.179751
v -1.343409 0.057764 1.182822
v -1.332376 0.072388 1.184574
v -1.376596 0.032118 1.238037
v -1.314082 0.080241 1.226013
v -1.363236 0.034606 1.236943
v -1.347035 0.041207 1.233873
v -1.333100 0.051368 1.231052
v -1.320885 0.066591 1.227777
v -1.340123 0.032073 1.296858
v -1.292135 0.078432 1.262244
v -1.331550 0.034047 1.290874
v -1.319825 0.039616 1.282403
v -1.308900 0.048912 1.274523
v -1.298311 0.064096 1.266728
v -1.290872 0.032083 1.345136
v -1.262116 0.078502 1.292202
v -1.286855 0.034141 1.334581
v -1.280002 0.039844 1.321360
v -1.273345 0.049205 1.309486
v -1.266283 0.064314 1.298501
v -1.231394 0.032160 1.380278
v -1.225858 0.080446 1.314079
v -1.232344 0.034949 1.364827
v -1.231024 0.041980 1.347331
v -1.229602 0.052298 1.332901
v -1.227218 0.067242 1.320753
v -1.164571 0.032423 1.399451
v -1.185620 0.084347 1.326666
v -1.171712 0.037361 1.377754
v -1.176969 0.047524 1.356924
v -1.181480 0.059426 1.342452
v -1.184081 0.073409 1.331990
v -1.099846 0.032669 -1.402833
v -1.138339 0.088514 -1.330181
v -1.110896 0.039874 -1.377118
v -1.120685 0.053642 -1.354536
v -1.129162 0.067214 -1.341453
v -1.135120 0.080095 -1.333610
v -1.330127 0.088726 -1.138275
v -1.403933 0.032684 -1.091691
v -1.333304 0.080917 -1.134742
v -1.340693 0.068590 -1.127796
v -1.353454 0.055013 -1.117580
v -1.376733 0.040418 -1.105435
v -1.185768 0.084052 -1.326730
v -1.171559 0.032304 -1.397741
v -1.184574 0.072388 -1.332376
v -1.182822 0.057764 -1.343409
v -1.179751 0.045879 -1.358167
v -1.176392 0.036470 -1.378321
v -1.226013 0.080241 -1.314082
v -1.238037 0.032118 -1.376596
v -1.227777 0.066591 -1.320885
v -1.231052 0.051368 -1.333100
v -1.233873 0.041207 -1.347035
v -1.236943 0.034606 -1.363236
v -1.262244 0.078432 -1.292135
v -1.296858 0.032073 -1.340123
v -1.266728 0.064096 -1.298311
v -1.274523 0.048912 -1.308900
v -1.282403 0.039616 -1.319829
v -1.290874 0.034047 -1.331550
v -1.292202 0.078502 -1.262116
v -1.345136 0.032083 -1.290872
v -1.298501 0.064314 -1.266286
v -1.309486 0.049205 -1.273345
v -1.321360 0.039844 -1.280002
v -1.334581 0.034141 -1.286855
v -1.314079 0.080446 -1.225858
v -1.380278 0.032160 -1.231394
v -1.320753 0.067242 -1.227218
v -1.332901 0.052298 -1.229602
v -1.347331 0.041980 -1.231024
v -1.364827 0.034946 -1.232344
v -1.326666 0.084347 -1.185620
v -1.399451 0.032423 -1.164571
v -1.331990 0.073409 -1.184081
v -1.342452 0.059426 -1.181480
v -1.356924 0.047524 -1.176969
v -1.377754 0.037361 -1.171712
v 1.099846 0.032669 1.402833
v 1.138339 0.088514 1.330181
v 1.110896 0.039874 1.377118
v 1.120685 0.053642 1.354536
v 1.129162 0.067214 1.341453
v 1.135120 0.080095 1.333610
v 1.330127 0.088726 1.138275
v 1.403933 0.032684 1.091691
v 1.333304 0.080917 1.134742
v 1.340693 0.068590 1.127796
v 1.353454 0.055013 1.117580
v 1.376733 0.040418 1.105435
v 1.185768 0.084052 1.326730
v 1.171559 0.032304 1.397741
v 1.184574 0.072388 1.332376
v 1.182822 0.057764 1.343409
v 1.179751 0.045879 1.358167
v 1.176392 0.036470 1.378321
v 1.226013 0.080241 1.314082
v 1.238036 0.032118 1.376596
v 1.227777 0.066591 1.320885
v 1.231052 0.051368 1.333100
v 1.233873 0.041207 1.347035
v 1.236943 0.034606 1.363236
v 1.262244 0.078432 1.292135
v 1.296858 0.032073 1.340123
v 1.266728 0.064096 1.298311
v 1.274523 0.048912 1.308900
v 1.282403 0.039616 1.319829
v 1.290874 0.034047 1.331550
v 1.292202 0.078502 1.262116
v 1.345136 0.032083 1.290872
v 1.298501 0.064314 1.266286
v 1.309486 0.049205 1.273345
v 1.321360 0.039844 1.280002
v 1.334581 0.034141 1.286855
v 1.314079 0.080446 1.225858
v 1.380278 0.032160 1.231394
v 1.320753 0.067242 1.227218
v 1.332901 0.052298 1.229602
v 1.347331 0.041980 1.231024
v 1.364827 0.034946 1.232344
v 1.326666 0.084347 1.185620
v 1.399451 0.032423 1.164571
v 1.331990 0.073409 1.184081
v 1.342452 0.059426 1.181480
v 1.356924 0.047524 1.176969
v 1.377754 0.037361 1.171712
v 1.402833 0.032669 -1.099846
v 1.330181 0.088514 -1.138339
v 1.377118 0.039874 -1.110896
v 1.354536 0.053642 -1.120685
v 1.341457 0.067214 -1.129162
v 1.333610 0.080095 -1.135120
v 1.138275 0.088726 -1.330130
v 1.091691 0.032684 -1.403933
v 1.134742 0.080917 -1.333304
v 1.127796 0.068590 -1.340693
v 1.117580 0.055013 -1.353454
v 1.105435 0.040418 -1.376729
v 1.326730 0.084052 -1.185768
v 1.397741 0.032304 -1.171559
v 1.332376 0.072388 -1.184574
v 1.343409 0.057764 -1.182822
v 1.358167 0.045879 -1.179751
v 1.378321 0.036470 -1.176392
v 1.314082 0.080241 -1.226013
v 1.376596 0.032118 -1.238037
v 1.320885 0.066591 -1.227777
v 1.333100 0.051368 -1.231052
v 1.347035 0.041207 -1.233873
v 1.363236 0.034606 -1.236943
v 1.292135 0.078432 -1.262244
v 1.340123 0.032073 -1.296858
v 1.298311 0.064096 -1.266728
v 1.308900 0.048912 -1.274523
v 1.319825 0.039616 -1.282403
v 1.331550 0.034047 -1.290874
v 1.262116 0.078502 -1.292202
v 1.290872 0.032083 -1.345136
v 1.266283 0.064314 -1.298501
v 1.273345 0.049205 -1.309486
v 1.280002 0.039841 -1.321360
v 1.286855 0.034141 -1.334581
v 1.225858 0.080450 -1.314079
v 1.231394 0.032160 -1.380278
v 1.227218 0.067242 -1.320753
v 1.229602 0.052298 -1.332901
v 1.231024 0.041980 -1.347331
v 1.232344 0.034949 -1.364827
v 1.185620 0.084347 -1.326666
v 1.164571 0.032423 -1.399451
v 1.184081 0.073409 -1.331990
v 1.181480 0.059426 -1.342452
v 1.176969 0.047524 -1.356924
v 1.171712 0.037361 -1.377754
v 0.000000 0.121190 -0.823011
v 0.160561 0.121190 -0.807195
v 0.314952 0.121190 -0.760363
v 0.457242 0.121190 -0.684307
v 0.581957 0.121190 -0.581957
v 0.684307 0.121190 -0.457242
v 0.760363 0.121190 -0.314952
v 0.807195 0.121190 -0.160561
v 0.823011 0.121190 0.000000
v 0.807195 0.121190 0.160561
v 0.760363 0.121190 0.314952
v 0.684308 0.121190 0.457242
v 0.581957 0.121190 0.581957
v 0.457239 0.121190 0.684308
v 0.314953 0.121190 0.760363
v 0.160561 0.121190 0.807195
v -0.000000 0.121190 0.823011
v -0.160561 0.121190 0.807195
v -0.314952 0.121190 0.760363
v -0.457239 0.121190 0.684307
v -0.581957 0.121190 0.581957
v -0.684307 0.121190 0.457242
v -0.760363 0.121190 0.314953
v -0.807195 0.121190 0.160561
v -0.823011 0.121190 -0.000000
v -0.807195 0.121190 -0.160561
v -0.760363 0.121190 -0.314953
v -0.684308 0.121190 -0.457242
v -0.581957 0.121190 -0.581957
v -0.457239 0.121190 -0.684307
v -0.314952 0.121190 -0.760363
v -0.160561 0.121190 -0.807195
v -1.236615 -0.014259 1.455921
v -1.171756 -0.014259 1.463228
v -1.298221 -0.014259 1.434363
v -1.353486 -0.014259 1.399638
v -1.399638 -0.014259 1.353486
v -1.434363 -0.014259 1.298221
v -1.455920 -0.014259 1.236615
v -1.463228 -0.014259 1.171756
v -1.171756 -0.014259 -1.463228
v -1.236615 -0.014259 -1.455920
v -1.298221 -0.014259 -1.434363
v -1.353486 -0.014259 -1.399638
v -1.399638 -0.014259 -1.353486
v -1.434363 -0.014259 -1.298221
v -1.455921 -0.014259 -1.236615
v -1.463228 -0.014259 -1.171756
v 1.463228 -0.014259 -1.171756
v 1.455920 -0.014259 -1.236615
v 1.434363 -0.014259 -1.298221
v 1.399638 -0.014259 -1.353486
v 1.353486 -0.014259 -1.399638
v 1.298221 -0.014259 -1.434363
v 1.236615 -0.014259 -1.455921
v 1.171756 -0.014259 -1.463228
v 1.171756 -0.014259 1.463228
v 1.236615 -0.014259 1.455920
v 1.298221 -0.014259 1.434363
v 1.353486 -0.014259 1.399638
v 1.399638 -0.014259 1.353486
v 1.434363 -0.014259 1.298221
v 1.455921 -0.014259 1.236615
v 1.463228 -0.014259 1.171756
v 0.000000 0.230858 -0.944572
v 0.184277 0.230858 -0.926422
v 0.361472 0.230858 -0.872671
v 0.524776 0.230858 -0.785383
v 0.667913 0.230858 -0.667913
v 0.785383 0.230858 -0.524776
v 0.872671 0.230858 -0.361472
v 0.926422 0.230858 -0.184277
v 0.944572 0.230858 0.000000
v 0.926422 0.230858 0.184277
v 0.872671 0.230858 0.361472
v 0.785383 0.230858 0.524776
v 0.667913 0.230858 0.667913
v 0.524776 0.230858 0.785383
v 0.361472 0.230858 0.872671
v 0.184277 0.230858 0.926422
v -0.000000 0.230858 0.944572
v -0.184277 0.230858 0.926422
v -0.361472 0.230858 0.872671
v -0.524776 0.230858 0.785383
v -0.667913 0.230858 0.667913
v -0.785383 0.230858 0.524776
v -0.872671 0.230858 0.361472
v -0.926422 0.230858 0.184277
v -0.944572 0.230858 -0.000000
v -0.926422 0.230858 -0.184277
v -0.872671 0.230858 -0.361472
v -0.785383 0.230858 -0.524776
v -0.667913 0.230858 -0.667913
v -0.524776 0.230858 -0.785383
v -0.361472 0.230858 -0.872671
v -0.184277 0.230858 -0.926422
v 0.000000 0.140465 -1.110000
v 0.216550 0.140465 -1.088672
v 0.424779 0.140465 -1.025506
v 0.616683 0.140465 -0.922931
v 0.784889 0.140465 -0.784889
v 0.922931 0.140465 -0.616683
v 1.025506 0.140465 -0.424779
v 1.088672 0.140465 -0.216550
v 1.110000 0.140465 0.000000
v 1.088672 0.140465 0.216550
v 1.025506 0.140465 0.424779
v 0.922931 0.140465 0.616683
v 0.784889 0.140465 0.784889
v 0.616683 0.140465 0.922931
v 0.424779 0.140465 1.025506
v 0.216550 0.140465 1.088672
v -0.000000 0.140465 1.110000
v -0.216550 0.140465 1.088672
v -0.424779 0.140465 1.025506
v -0.616683 0.140465 0.922931
v -0.784889 0.140465 0.784889
v -0.922931 0.140465 0.616683
v -1.025506 0.140465 0.424779
v -1.088672 0.140465 0.216550
v -1.110000 0.140465 -0.000000
v -1.088672 0.140465 -0.216550
v -1.025506 0.140465 -0.424779
v -0.922931 0.140465 -0.616683
v -0.784889 0.140465 -0.784889
v -0.616683 0.140465 -0.922931
v -0.424779 0.140465 -1.025506
v -0.216550 0.140465 -1.088672
v -1.211779 -0.014259 1.352087
v -1.165022 -0.014259 1.355971
v -1.251595 -0.014259 1.339111
v -1.287426 -0.014259 1.317169
v -1.317169 -0.014259 1.287426
v -1.339111 -0.014259 1.251595
v -1.352087 -0.014259 1.211780
v -1.355971 -0.014259 1.165022
v -1.165022 -0.014259 -1.355971
v -1.211780 -0.014259 -1.352087
v -1.251595 -0.014259 -1.339111
v -1.287426 -0.014259 -1.317169
v -1.317169 -0.014259 -1.287426
v -1.339111 -0.014259 -1.251595
v -1.352087 -0.014259 -1.211779
v -1.355971 -0.014259 -1.165022
v 1.355971 -0.014259 -1.165022
v 1.352087 -0.014259 -1.211780
v 1.339111 -0.014259 -1.251595
v 1.317169 -0.014259 -1.287426
v 1.287426 -0.014259 -1.317169
v 1.251595 -0.014259 -1.339111
v 1.211779 -0.014259 -1.352087
v 1.165022 -0.014259 -1.355971
v 1.165022 -0.014259 1.355971
v 1.211779 -0.014259 1.352087
v 1.251595 -0.014259 1.339111
v 1.287426 -0.014259 1.317169
v 1.317169 -0.014259 1.287426
v 1.339111 -0.014259 1.251595
v 1.352087 -0.014259 1.211779
v 1.355971 -0.014259 1.165022
v 0.000000 0.051381 -0.876110
v 0.170901 0.051414 -0.859235
v 0.335237 0.051441 -0.809350
v 0.486690 0.051451 -0.728383
v 0.619436 0.051454 -0.619433
v 0.728386 0.051451 -0.486684
v 0.809355 0.051438 -0.335234
v 0.859269 0.051390 -0.170882
v 0.876109 0.051381 0.000000
v 0.859235 0.051414 0.170901
v 0.809350 0.051441 0.335237
v 0.728383 0.051451 0.486690
v 0.619433 0.051454 0.619436
v 0.486684 0.051451 0.728386
v 0.335234 0.051438 0.809355
v 0.170882 0.051390 0.859269
v -0.000000 0.051381 0.876110
v -0.170901 0.051414 0.859235
v -0.335237 0.051441 0.809350
v -0.486690 0.051451 0.728383
v -0.619436 0.051454 0.619433
v -0.728386 0.051451 0.486684
v -0.809355 0.051438 0.335234
v -0.859269 0.051390 0.170882
v -0.876110 0.051381 -0.000000
v -0.859235 0.051414 -0.170902
v -0.809350 0.051441 -0.335237
v -0.728383 0.051451 -0.486689
v -0.619433 0.051454 -0.619436
v -0.486684 0.051451 -0.728386
v -0.335234 0.051438 -0.809355
v -0.170882 0.051390 -0.859269
v 0.012366 3.237380 -0.062161
v 0.000000 3.237380 -0.063380
v 0.024255 3.237380 -0.058557
v 0.035212 3.237380 -0.052698
v 0.044816 3.237380 -0.044816
v 0.052698 3.237380 -0.035212
v 0.058557 3.237380 -0.024255
v 0.062164 3.237380 -0.012366
v 0.063380 3.237380 0.000000
v 0.062161 3.237380 0.012366
v 0.058557 3.237380 0.024255
v 0.052698 3.237380 0.035212
v 0.044816 3.237380 0.044816
v 0.035212 3.237380 0.052698
v 0.024255 3.237380 0.058557
v 0.012366 3.237380 0.062161
v 0.000000 3.237380 0.063380
v -0.012366 3.237380 0.062164
v -0.024255 3.237380 0.058557
v -0.035212 3.237380 0.052698
v -0.044816 3.237380 0.044816
v -0.052698 3.237380 0.035212
v -0.058557 3.237380 0.024255
v -0.062161 3.237380 0.012366
v -0.063380 3.237380 0.000000
v -0.062161 3.237380 -0.012366
v -0.058557 3.237380 -0.024255
v -0.052698 3.237380 -0.035212
v -0.044816 3.237380 -0.044816
v -0.035212 3.237380 -0.052698
v -0.024255 3.237380 -0.058557
v -0.012366 3.237380 -0.062161
v -1.091691 0.032684 1.403933
v -1.164571 0.032423 1.399451
v -1.185620 0.084347 1.326666
v -1.138275 0.088726 1.330130
v -1.231394 0.032160 1.380278
v -1.225858 0.080446 1.314079
v -1.290872 0.032083 1.345136
v -1.262116 0.078502 1.292202
v -1.340123 0.032073 1.296858
v -1.292135 0.078432 1.262244
v -1.376596 0.032118 1.238037
v -1.314082 0.080241 1.226013
v -1.397741 0.032304 1.171559
v -1.326730 0.084052 1.185768
v -1.402833 0.032669 1.099846
v -1.330181 0.088514 1.138339
v -1.171559 0.032304 -1.397741
v -1.099846 0.032669 -1.402833
v -1.138339 0.088514 -1.330181
v -1.185768 0.084052 -1.326730
v -1.238037 0.032118 -1.376596
v -1.226013 0.080241 -1.314082
v -1.296858 0.032073 -1.340123
v -1.262244 0.078432 -1.292135
v -1.345136 0.032083 -1.290872
v -1.292202 0.078502 -1.262116
v -1.380278 0.032160 -1.231394
v -1.314079 0.080446 -1.225858
v -1.399451 0.032423 -1.164571
v -1.326666 0.084347 -1.185620
v -1.403933 0.032684 -1.091691
v -1.330127 0.088726 -1.138275
v 1.397741 0.032304 -1.171559
v 1.402833 0.032669 -1.099846
v 1.330181 0.088514 -1.138339
v 1.326730 0.084052 -1.185768
v 1.376596 0.032118 -1.238037
v 1.314082 0.080241 -1.226013
v 1.340123 0.032073 -1.296858
v 1.292135 0.078432 -1.262244
v 1.290872 0.032083 -1.345136
v 1.262116 0.078502 -1.292202
v 1.231394 0.032160 -1.380278
v 1.225858 0.080450 -1.314079
v 1.164571 0.032423 -1.399451
v 1.185620 0.084347 -1.326666
v 1.091691 0.032684 -1.403933
v 1.138275 0.088726 -1.330130
v 1.171559 0.032304 1.397741
v 1.099846 0.032669 1.402833
v 1.138339 0.088514 1.330181
v 1.185768 0.084052 1.326730
v 1.238036 0.032118 1.376596
v 1.226013 0.080241 1.314082
v 1.296858 0.032073 1.340123
v 1.262244 0.078432 1.292135
v 1.345136 0.032083 1.290872
v 1.292202 0.078502 1.262116
v 1.380278 0.032160 1.231394
v 1.314079 0.080446 1.225858
v 1.399451 0.032423 1.164571
v 1.326666 0.084347 1.185620
v 1.403933 0.032684 1.091691
v 1.330127 0.088726 1.138275
vt 0.343750 0.500000
vt 0.312500 0.500000
vt 0.614664 0.039064
vt 0.622996 0.032941
vt 0.781250 0.500000
vt 0.750000 0.500000
vt 0.630245 0.715119
vt 0.631705 0.524366
vt 0.468750 0.500000
vt 0.437500 0.500000
vt 0.626748 0.967451
vt 0.621139 0.961535
vt 0.281250 0.500000
vt 0.250000 0.500000
vt 0.609265 0.236099
vt 0.610249 0.045822
vt 0.031250 0.500000
vt 0.000000 0.500000
vt 0.598775 0.475609
vt 0.599521 0.285094
vt 0.531250 0.500000
vt 0.500000 0.500000
vt 0.619755 0.954629
vt 0.620977 0.763639
vt 0.062500 0.500000
vt 0.604621 0.279022
vt 0.406250 0.500000
vt 0.636258 0.972442
vt 0.384126 0.985992
vt 0.595033 0.985724
vt 0.606032 0.990645
vt 0.395104 0.990828
vt 0.375000 0.500000
vt 0.635027 0.027692
vt 0.616898 0.018518
vt 0.375000 0.024900
vt 0.585850 0.025371
vt 0.585850 0.224629
vt 0.375000 0.225100
vt 0.375000 0.274900
vt 0.585850 0.275371
vt 0.585850 0.474629
vt 0.375000 0.475100
vt 0.093750 0.500000
vt 0.613414 0.273359
vt 0.125000 0.500000
vt 0.625700 0.268365
vt 0.156250 0.500000
vt 0.626999 0.250218
vt 0.187500 0.500000
vt 0.617368 0.245592
vt 0.218750 0.500000
vt 0.611407 0.240728
vt 0.588186 0.269705
vt 0.377310 0.269338
vt 0.384126 0.264007
vt 0.595033 0.264276
vt 1.000000 0.500000
vt 0.968750 0.500000
vt 0.640601 0.480997
vt 0.640735 0.475609
vt 0.843750 0.500000
vt 0.812500 0.500000
vt 0.634750 0.518979
vt 0.642160 0.513777
vt 0.875000 0.500000
vt 0.653681 0.509038
vt 0.906250 0.500000
vt 0.654776 0.490959
vt 0.937500 0.500000
vt 0.645508 0.486211
vt 0.588186 0.519705
vt 0.377310 0.519338
vt 0.384126 0.514007
vt 0.595033 0.514276
vt 0.718750 0.500000
vt 0.630870 0.721266
vt 0.593750 0.500000
vt 0.562500 0.500000
vt 0.624707 0.758935
vt 0.632578 0.754195
vt 0.625000 0.500000
vt 0.644354 0.749711
vt 0.656250 0.500000
vt 0.645517 0.731700
vt 0.687500 0.500000
vt 0.636128 0.726831
vt 0.375000 0.524900
vt 0.585850 0.525371
vt 0.585850 0.724629
vt 0.375000 0.725100
vt 0.031250 0.899356
vt 0.031250 0.995205
vt 0.000000 0.995205
vt 0.000000 0.899356
vt 0.937500 0.899356
vt 0.937500 0.995205
vt 0.906250 0.995205
vt 0.906250 0.899356
vt 0.875000 0.995205
vt 0.875000 0.899356
vt 0.843750 0.995205
vt 0.843750 0.899356
vt 0.812500 0.995205
vt 0.812500 0.899356
vt 0.781250 0.995205
vt 0.781250 0.899356
vt 0.750000 0.995205
vt 0.750000 0.899356
vt 0.718750 0.995205
vt 0.718750 0.899356
vt 0.718750 0.995205
vt 0.687500 0.995205
vt 0.687500 0.899356
vt 0.656250 0.995205
vt 0.656250 0.899356
vt 0.625000 0.995205
vt 0.625000 0.899356
vt 0.593750 0.995205
vt 0.593750 0.899356
vt 0.562500 0.995205
vt 0.562500 0.899356
vt 0.531250 0.995205
vt 0.531250 0.899356
vt 0.500000 0.995205
vt 0.500000 0.899356
vt 0.468750 0.995205
vt 0.468750 0.899356
vt 0.437500 0.995205
vt 0.437500 0.899356
vt 0.406250 0.995205
vt 0.406250 0.899356
vt 0.375000 0.995205
vt 0.375000 0.899356
vt 0.343750 0.995205
vt 0.343750 0.899356
vt 0.312500 0.995205
vt 0.312500 0.899356
vt 0.281250 0.995205
vt 0.281250 0.899356
vt 0.250000 0.995205
vt 0.250000 0.899356
vt 0.218750 0.995205
vt 0.218750 0.899356
vt 0.187500 0.995205
vt 0.187500 0.899356
vt 0.156250 0.995205
vt 0.156250 0.899356
vt 0.125000 0.995205
vt 0.125000 0.899356
vt 0.093750 0.995205
vt 0.093750 0.899356
vt 0.062500 0.995205
vt 0.062500 0.899356
vt 1.000000 0.899356
vt 1.000000 0.995205
vt 0.968750 0.995205
vt 0.968750 0.899356
vt 0.843750 0.500000
vt 0.812500 0.500000
vt 0.812500 0.500000
vt 0.843750 0.500000
vt 0.218750 0.500000
vt 0.187500 0.500000
vt 0.187500 0.500000
vt 0.218750 0.500000
vt 0.562500 0.500000
vt 0.531250 0.500000
vt 0.531250 0.500000
vt 0.562500 0.500000
vt 0.281250 0.500000
vt 0.250000 0.500000
vt 0.250000 0.500000
vt 0.281250 0.500000
vt 0.031250 0.500000
vt 0.000000 0.500000
vt 0.000000 0.500000
vt 0.031250 0.500000
vt 1.000000 0.500000
vt 0.968750 0.500000
vt 0.968750 0.500000
vt 1.000000 0.500000
vt 0.687500 0.500000
vt 0.656250 0.500000
vt 0.656250 0.500000
vt 0.687500 0.500000
vt 0.406250 0.500000
vt 0.375000 0.500000
vt 0.375000 0.500000
vt 0.406250 0.500000
vt 0.125000 0.500000
vt 0.093750 0.500000
vt 0.093750 0.500000
vt 0.125000 0.500000
vt 0.781250 0.500000
vt 0.781250 0.500000
vt 0.500000 0.500000
vt 0.500000 0.500000
vt 0.250000 0.500000
vt 0.218750 0.500000
vt 0.218750 0.500000
vt 0.250000 0.500000
vt 0.937500 0.500000
vt 0.906250 0.500000
vt 0.906250 0.500000
vt 0.937500 0.500000
vt 0.625000 0.500000
vt 0.625000 0.500000
vt 0.343750 0.500000
vt 0.343750 0.500000
vt 0.062500 0.500000
vt 0.062500 0.500000
vt 0.750000 0.500000
vt 0.750000 0.500000
vt 0.468750 0.500000
vt 0.468750 0.500000
vt 0.875000 0.500000
vt 0.875000 0.500000
vt 0.593750 0.500000
vt 0.593750 0.500000
vt 0.312500 0.500000
vt 0.312500 0.500000
vt 0.718750 0.500000
vt 0.718750 0.500000
vt 0.437500 0.500000
vt 0.437500 0.500000
vt 0.156250 0.500000
vt 0.156250 0.500000
vt 0.377310 0.980662
vt 0.588186 0.980295
vt 0.656250 0.500000
vt 0.625000 0.500000
vt 0.625000 0.500000
vt 0.656250 0.500000
vt 0.187500 0.500000
vt 0.187500 0.500000
vt 0.593750 0.500000
vt 0.593750 0.500000
vt 0.156250 0.500000
vt 0.156250 0.500000
vt 0.562500 0.500000
vt 0.562500 0.500000
vt 0.031250 0.500000
vt 0.000000 0.500000
vt 0.000000 0.500000
vt 0.031250 0.500000
vt 0.125000 0.500000
vt 0.125000 0.500000
vt 0.531250 0.500000
vt 0.531250 0.500000
vt 0.937500 0.500000
vt 0.937500 0.500000
vt 0.093750 0.500000
vt 0.093750 0.500000
vt 0.500000 0.500000
vt 0.500000 0.500000
vt 0.906250 0.500000
vt 0.906250 0.500000
vt 0.062500 0.500000
vt 0.062500 0.500000
vt 0.468750 0.500000
vt 0.468750 0.500000
vt 0.875000 0.500000
vt 0.875000 0.500000
vt 0.906250 0.500000
vt 0.437500 0.500000
vt 0.437500 0.500000
vt 0.843750 0.500000
vt 0.843750 0.500000
vt 0.968750 0.500000
vt 0.968750 0.500000
vt 0.406250 0.500000
vt 0.406250 0.500000
vt 0.812500 0.500000
vt 0.812500 0.500000
vt 0.375000 0.500000
vt 0.375000 0.500000
vt 0.406250 0.500000
vt 0.781250 0.500000
vt 0.781250 0.500000
vt 0.343750 0.500000
vt 0.343750 0.500000
vt 0.750000 0.500000
vt 0.750000 0.500000
vt 0.312500 0.500000
vt 0.312500 0.500000
vt 0.718750 0.500000
vt 0.718750 0.500000
vt 0.281250 0.500000
vt 0.281250 0.500000
vt 0.687500 0.500000
vt 0.687500 0.500000
vt 0.656250 0.500000
vt 0.427658 0.000000
vt 0.594158 0.000000
vt 0.606032 0.009354
vt 0.395104 0.009172
vt 0.595033 0.014276
vt 0.384126 0.014007
vt 0.588186 0.019705
vt 0.377310 0.019338
vt 0.375000 0.975100
vt 0.585850 0.974629
vt 0.588186 0.230295
vt 0.377310 0.230662
vt 0.595033 0.235724
vt 0.384126 0.235993
vt 0.606032 0.240645
vt 0.395104 0.240828
vt 0.606032 0.259354
vt 0.395104 0.259172
vt 0.588186 0.480295
vt 0.377310 0.480662
vt 1.000000 0.500000
vt 1.000000 0.500000
vt 0.595033 0.485724
vt 0.384126 0.485993
vt 0.606032 0.490645
vt 0.395104 0.490828
vt 0.606032 0.509355
vt 0.395104 0.509172
vt 0.588186 0.769705
vt 0.377310 0.769338
vt 0.384126 0.764007
vt 0.595033 0.764276
vt 0.588186 0.730295
vt 0.377310 0.730662
vt 0.595033 0.735724
vt 0.384126 0.735992
vt 0.606032 0.740645
vt 0.395104 0.740828
vt 0.606032 0.759354
vt 0.395104 0.759172
vt 0.585850 0.775371
vt 0.375000 0.774900
vt 0.999866 0.996743
vt 0.968884 0.996743
vt 0.999470 0.998244
vt 0.969280 0.998244
vt 0.998884 1.000000
vt 0.969866 1.000000
vt 0.293478 0.468576
vt 0.250000 0.472859
vt 0.250000 0.458215
vt 0.290621 0.454214
vt 0.250000 0.443203
vt 0.287692 0.439491
vt 0.968615 0.996743
vt 0.937634 0.996743
vt 0.968220 0.998244
vt 0.938031 0.998244
vt 0.967634 1.000000
vt 0.938616 1.000000
vt 0.335284 0.455894
vt 0.329680 0.442365
vt 0.323936 0.428496
vt 0.937366 0.996743
vt 0.906384 0.996743
vt 0.936969 0.998244
vt 0.906781 0.998244
vt 0.936384 1.000000
vt 0.907366 1.000000
vt 0.373814 0.435300
vt 0.365678 0.423124
vt 0.357338 0.410643
vt 0.906116 0.996743
vt 0.875134 0.996743
vt 0.905720 0.998244
vt 0.875530 0.998244
vt 0.905134 1.000000
vt 0.876116 1.000000
vt 0.407585 0.407585
vt 0.397230 0.397230
vt 0.386615 0.386615
vt 0.874866 0.996743
vt 0.843884 0.996743
vt 0.874470 0.998244
vt 0.844281 0.998244
vt 0.873884 1.000000
vt 0.844866 1.000000
vt 0.435300 0.373814
vt 0.423124 0.365678
vt 0.410643 0.357338
vt 0.843615 0.996743
vt 0.812634 0.996743
vt 0.843220 0.998244
vt 0.813030 0.998244
vt 0.842634 1.000000
vt 0.813616 1.000000
vt 0.455894 0.335284
vt 0.442365 0.329680
vt 0.428496 0.323936
vt 0.812366 0.996743
vt 0.781384 0.996743
vt 0.811969 0.998244
vt 0.781781 0.998244
vt 0.811384 1.000000
vt 0.782366 1.000000
vt 0.468576 0.293478
vt 0.454214 0.290621
vt 0.439491 0.287692
vt 0.781116 0.996743
vt 0.750134 0.996743
vt 0.780720 0.998244
vt 0.750531 0.998244
vt 0.780134 1.000000
vt 0.751116 1.000000
vt 0.472859 0.250000
vt 0.458215 0.250000
vt 0.443203 0.250000
vt 0.749866 0.996743
vt 0.718884 0.996743
vt 0.749470 0.998244
vt 0.719280 0.998244
vt 0.748884 1.000000
vt 0.719866 1.000000
vt 0.468576 0.206522
vt 0.454214 0.209379
vt 0.439491 0.212308
vt 0.718616 0.996743
vt 0.687634 0.996743
vt 0.718219 0.998244
vt 0.688030 0.998244
vt 0.717634 1.000000
vt 0.688616 1.000000
vt 0.455894 0.164716
vt 0.442366 0.170320
vt 0.428496 0.176064
vt 0.687366 0.996743
vt 0.656384 0.996743
vt 0.686970 0.998244
vt 0.656781 0.998244
vt 0.686384 1.000000
vt 0.657366 1.000000
vt 0.435300 0.126186
vt 0.423124 0.134322
vt 0.410643 0.142662
vt 0.656116 0.996743
vt 0.625134 0.996743
vt 0.655720 0.998244
vt 0.625530 0.998244
vt 0.655134 1.000000
vt 0.626116 1.000000
vt 0.407585 0.092415
vt 0.397230 0.102770
vt 0.386615 0.113385
vt 0.624866 0.996743
vt 0.593884 0.996743
vt 0.624469 0.998244
vt 0.594280 0.998244
vt 0.623884 1.000000
vt 0.594866 1.000000
vt 0.373814 0.064700
vt 0.365678 0.076876
vt 0.357338 0.089357
vt 0.593616 0.996743
vt 0.562634 0.996743
vt 0.593220 0.998244
vt 0.563031 0.998244
vt 0.592634 1.000000
vt 0.563616 1.000000
vt 0.335284 0.044106
vt 0.329680 0.057635
vt 0.323936 0.071504
vt 0.562366 0.996743
vt 0.531384 0.996743
vt 0.561969 0.998244
vt 0.531780 0.998244
vt 0.561384 1.000000
vt 0.532366 1.000000
vt 0.293478 0.031424
vt 0.290621 0.045786
vt 0.287692 0.060509
vt 0.531116 0.996743
vt 0.500134 0.996743
vt 0.530720 0.998244
vt 0.500530 0.998244
vt 0.530134 1.000000
vt 0.501116 1.000000
vt 0.250000 0.027141
vt 0.250000 0.041785
vt 0.250000 0.056797
vt 0.499866 0.996743
vt 0.468884 0.996743
vt 0.499469 0.998244
vt 0.469280 0.998244
vt 0.498884 1.000000
vt 0.469866 1.000000
vt 0.206522 0.031424
vt 0.209379 0.045786
vt 0.212308 0.060509
vt 0.468616 0.996743
vt 0.437634 0.996743
vt 0.468220 0.998244
vt 0.438031 0.998244
vt 0.467634 1.000000
vt 0.438616 1.000000
vt 0.164716 0.044106
vt 0.170320 0.057635
vt 0.176064 0.071504
vt 0.437366 0.996743
vt 0.406384 0.996743
vt 0.436970 0.998244
vt 0.406780 0.998244
vt 0.436384 1.000000
vt 0.407366 1.000000
vt 0.126186 0.064700
vt 0.134322 0.076876
vt 0.142662 0.089357
vt 0.406116 0.996743
vt 0.375134 0.996743
vt 0.405720 0.998244
vt 0.375530 0.998244
vt 0.405134 1.000000
vt 0.376116 1.000000
vt 0.092415 0.092415
vt 0.102770 0.102770
vt 0.113385 0.113385
vt 0.374866 0.996743
vt 0.343884 0.996743
vt 0.374470 0.998244
vt 0.344281 0.998244
vt 0.373884 1.000000
vt 0.344866 1.000000
vt 0.064700 0.126186
vt 0.076876 0.134322
vt 0.089358 0.142662
vt 0.343616 0.996743
vt 0.312634 0.996743
vt 0.343220 0.998244
vt 0.313030 0.998244
vt 0.342634 1.000000
vt 0.313616 1.000000
vt 0.044106 0.164716
vt 0.057635 0.170320
vt 0.071504 0.176064
vt 0.312366 0.996743
vt 0.281384 0.996743
vt 0.311970 0.998244
vt 0.281780 0.998244
vt 0.311384 1.000000
vt 0.282366 1.000000
vt 0.031424 0.206522
vt 0.045786 0.209379
vt 0.060509 0.212308
vt 0.281116 0.996743
vt 0.250134 0.996743
vt 0.280720 0.998244
vt 0.250530 0.998244
vt 0.280134 1.000000
vt 0.251116 1.000000
vt 0.027141 0.250000
vt 0.041785 0.250000
vt 0.056797 0.250000
vt 0.249866 0.996743
vt 0.218884 0.996743
vt 0.249470 0.998244
vt 0.219280 0.998244
vt 0.248884 1.000000
vt 0.219866 1.000000
vt 0.031424 0.293478
vt 0.045786 0.290621
vt 0.060509 0.287692
vt 0.218616 0.996743
vt 0.187634 0.996743
vt 0.218220 0.998244
vt 0.188030 0.998244
vt 0.217634 1.000000
vt 0.188616 1.000000
vt 0.044106 0.335284
vt 0.057635 0.329680
vt 0.071504 0.323936
vt 0.187366 0.996743
vt 0.156384 0.996743
vt 0.186970 0.998244
vt 0.156780 0.998244
vt 0.186384 1.000000
vt 0.157366 1.000000
vt 0.064700 0.373814
vt 0.076876 0.365678
vt 0.089357 0.357338
vt 0.156116 0.996743
vt 0.125134 0.996743
vt 0.155720 0.998244
vt 0.125530 0.998244
vt 0.155134 1.000000
vt 0.126116 1.000000
vt 0.092415 0.407585
vt 0.102770 0.397230
vt 0.113385 0.386615
vt 0.124866 0.996743
vt 0.093884 0.996743
vt 0.124470 0.998244
vt 0.094280 0.998244
vt 0.123884 1.000000
vt 0.094866 1.000000
vt 0.126186 0.435300
vt 0.134322 0.423124
vt 0.142662 0.410643
vt 0.093616 0.996743
vt 0.062634 0.996743
vt 0.093220 0.998244
vt 0.063030 0.998244
vt 0.092634 1.000000
vt 0.063616 1.000000
vt 0.164716 0.455895
vt 0.170320 0.442365
vt 0.176064 0.428497
vt 0.062366 0.996743
vt 0.031384 0.996743
vt 0.061970 0.998244
vt 0.031780 0.998244
vt 0.061384 1.000000
vt 0.032366 1.000000
vt 0.206523 0.468576
vt 0.209379 0.454214
vt 0.212308 0.439491
vt 0.031116 0.996743
vt 0.000134 0.996743
vt 0.030720 0.998244
vt 0.000530 0.998244
vt 0.030134 1.000000
vt 0.001116 1.000000
vt 0.623121 0.967550
vt 0.621463 0.961063
vt 0.625057 0.973454
vt 0.623173 0.967425
vt 0.612243 0.979706
vt 0.609718 0.973809
vt 0.600548 0.980134
vt 0.598168 0.974405
vt 0.629104 0.973298
vt 0.631379 0.979001
vt 0.619499 0.985363
vt 0.607495 0.985623
vt 0.639087 0.978271
vt 0.641828 0.983958
vt 0.630804 0.990438
vt 0.618569 0.990587
vt 0.638258 0.021821
vt 0.619478 0.012573
vt 0.641406 0.016096
vt 0.621954 0.006764
vt 0.631264 0.009395
vt 0.614036 -0.000186
vt 0.618688 0.009370
vt 0.604142 -0.000048
vt 0.626560 0.026971
vt 0.630025 0.021151
vt 0.619771 0.014518
vt 0.607565 0.014346
vt 0.618723 0.032866
vt 0.622690 0.026801
vt 0.612432 0.020171
vt 0.600596 0.019835
vt 0.615017 0.039253
vt 0.619743 0.032772
vt 0.609793 0.026054
vt 0.598187 0.025560
vt 0.607764 0.282000
vt 0.611914 0.276056
vt 0.615946 0.278975
vt 0.619058 0.273168
vt 0.609793 0.276054
vt 0.612432 0.270171
vt 0.598187 0.275560
vt 0.600596 0.269835
vt 0.620053 0.270464
vt 0.626520 0.267646
vt 0.619771 0.264518
vt 0.607565 0.264346
vt 0.631924 0.265484
vt 0.637993 0.262672
vt 0.631282 0.259378
vt 0.618692 0.259366
vt 0.632803 0.247124
vt 0.638456 0.244081
vt 0.631129 0.240345
vt 0.618652 0.240563
vt 0.622739 0.242392
vt 0.627967 0.239236
vt 0.619499 0.235364
vt 0.607495 0.235624
vt 0.616534 0.237313
vt 0.621578 0.233890
vt 0.612243 0.229706
vt 0.600548 0.230134
vt 0.614384 0.232300
vt 0.619510 0.228414
vt 0.609718 0.223809
vt 0.598168 0.224405
vt 0.629524 0.524747
vt 0.632343 0.519247
vt 0.627337 0.525178
vt 0.629956 0.519535
vt 0.609793 0.526054
vt 0.612432 0.520171
vt 0.598187 0.525560
vt 0.600596 0.519835
vt 0.639574 0.513957
vt 0.637034 0.514141
vt 0.619771 0.514518
vt 0.607565 0.514346
vt 0.650932 0.509148
vt 0.648255 0.509251
vt 0.631282 0.509378
vt 0.618692 0.509366
vt 0.651668 0.490836
vt 0.648625 0.490691
vt 0.631129 0.490345
vt 0.618652 0.490563
vt 0.641834 0.486027
vt 0.638202 0.485824
vt 0.619499 0.485364
vt 0.607495 0.485624
vt 0.636296 0.480725
vt 0.632014 0.480411
vt 0.612243 0.479706
vt 0.600548 0.480134
vt 0.635650 0.475235
vt 0.630610 0.474803
vt 0.609778 0.473825
vt 0.598183 0.474409
vt 0.622270 0.767494
vt 0.625533 0.762437
vt 0.623540 0.771381
vt 0.626323 0.765902
vt 0.609793 0.776054
vt 0.612432 0.770171
vt 0.598187 0.775560
vt 0.600596 0.769835
vt 0.633067 0.757450
vt 0.633529 0.760636
vt 0.619771 0.764518
vt 0.607565 0.764346
vt 0.644596 0.752812
vt 0.644834 0.755830
vt 0.631282 0.759378
vt 0.618692 0.759366
vt 0.645379 0.734547
vt 0.645235 0.737301
vt 0.631129 0.740345
vt 0.618652 0.740563
vt 0.635469 0.729662
vt 0.634791 0.732412
vt 0.619499 0.735364
vt 0.607495 0.735624
vt 0.629709 0.724138
vt 0.628536 0.726933
vt 0.612243 0.729706
vt 0.600548 0.730134
vt 0.628542 0.718142
vt 0.626835 0.721089
vt 0.609718 0.723809
vt 0.598168 0.724405
vt 0.609658 0.473793
vt 0.616023 0.474699
vt 0.607349 0.475207
vt 0.968750 0.500000
vt 1.000000 0.500000
vt 0.968750 0.500000
vt 1.000000 0.500000
vt 0.968750 0.500000
vt 0.999935 0.500000
vt 0.968750 0.500000
vt 0.999983 0.500000
vt 0.937500 0.500000
vt 0.937500 0.500000
vt 0.937500 0.500000
vt 0.937500 0.500000
vt 0.906250 0.500000
vt 0.906250 0.500000
vt 0.906250 0.500000
vt 0.906250 0.500000
vt 0.875000 0.500000
vt 0.875000 0.500000
vt 0.875000 0.500000
vt 0.875000 0.500000
vt 0.843750 0.500000
vt 0.843750 0.500000
vt 0.843750 0.500000
vt 0.843750 0.500000
vt 0.812500 0.500000
vt 0.812500 0.500000
vt 0.812500 0.500000
vt 0.812500 0.500000
vt 0.781250 0.500000
vt 0.781250 0.500000
vt 0.781250 0.500000
vt 0.781250 0.500000
vt 0.750000 0.500000
vt 0.750000 0.500000
vt 0.750000 0.500000
vt 0.750000 0.500000
vt 0.718750 0.500000
vt 0.718750 0.500000
vt 0.718750 0.500000
vt 0.718750 0.500000
vt 0.687500 0.500000
vt 0.687500 0.500000
vt 0.687500 0.500000
vt 0.687500 0.500000
vt 0.656250 0.500000
vt 0.656250 0.500000
vt 0.656250 0.500000
vt 0.656250 0.500000
vt 0.625000 0.500000
vt 0.625000 0.500000
vt 0.625000 0.500000
vt 0.625000 0.500000
vt 0.593750 0.500000
vt 0.593750 0.500000
vt 0.593750 0.500000
vt 0.593750 0.500000
vt 0.562500 0.500000
vt 0.562500 0.500000
vt 0.562500 0.500000
vt 0.562500 0.500000
vt 0.531250 0.500000
vt 0.531250 0.500000
vt 0.531250 0.500000
vt 0.531250 0.500000
vt 0.500000 0.500000
vt 0.500000 0.500000
vt 0.500000 0.500000
vt 0.500000 0.500000
vt 0.468750 0.500000
vt 0.468750 0.500000
vt 0.468750 0.500000
vt 0.468750 0.500000
vt 0.437500 0.500000
vt 0.437500 0.500000
vt 0.437500 0.500000
vt 0.437500 0.500000
vt 0.406250 0.500000
vt 0.406250 0.500000
vt 0.406250 0.500000
vt 0.406250 0.500000
vt 0.375000 0.500000
vt 0.375000 0.500000
vt 0.375000 0.500000
vt 0.375000 0.500000
vt 0.343750 0.500000
vt 0.343750 0.500000
vt 0.343750 0.500000
vt 0.343750 0.500000
vt 0.312500 0.500000
vt 0.312500 0.500000
vt 0.312500 0.500000
vt 0.312500 0.500000
vt 0.281250 0.500000
vt 0.281250 0.500000
vt 0.281250 0.500000
vt 0.281250 0.500000
vt 0.250000 0.500000
vt 0.250000 0.500000
vt 0.250000 0.500000
vt 0.250000 0.500000
vt 0.218750 0.500000
vt 0.218750 0.500000
vt 0.218750 0.500000
vt 0.218750 0.500000
vt 0.187500 0.500000
vt 0.187500 0.500000
vt 0.187500 0.500000
vt 0.187500 0.500000
vt 0.156250 0.500000
vt 0.156250 0.500000
vt 0.156250 0.500000
vt 0.156250 0.500000
vt 0.125000 0.500000
vt 0.125000 0.500000
vt 0.125000 0.500000
vt 0.125000 0.500000
vt 0.093750 0.500000
vt 0.093750 0.500000
vt 0.093750 0.500000
vt 0.093750 0.500000
vt 0.062500 0.500000
vt 0.062500 0.500000
vt 0.062500 0.500000
vt 0.062500 0.500000
vt 0.031250 0.500000
vt 0.031250 0.500000
vt 0.031250 0.500000
vt 0.031250 0.500000
vt 0.000000 0.500000
vt 0.000000 0.500000
vt 0.000065 0.500000
vt 0.000017 0.500000
vt 0.968750 0.695272
vt 0.968750 0.799070
vt 0.937500 0.799070
vt 0.937500 0.695273
vt 1.000000 0.695272
vt 1.000000 0.799070
vt 0.062500 0.695272
vt 0.062500 0.799070
vt 0.031250 0.799070
vt 0.031250 0.695272
vt 0.093750 0.695272
vt 0.093750 0.799070
vt 0.125000 0.695272
vt 0.125000 0.799070
vt 0.156250 0.695272
vt 0.156250 0.799070
vt 0.187500 0.695272
vt 0.187500 0.799070
vt 0.218750 0.695272
vt 0.218750 0.799070
vt 0.250000 0.695272
vt 0.250000 0.799070
vt 0.281250 0.695272
vt 0.281250 0.799070
vt 0.312500 0.695272
vt 0.312500 0.799070
vt 0.343750 0.695272
vt 0.343750 0.799070
vt 0.375000 0.695273
vt 0.375000 0.799070
vt 0.406250 0.695272
vt 0.406250 0.799070
vt 0.437500 0.695272
vt 0.437500 0.799070
vt 0.468750 0.695272
vt 0.468750 0.799070
vt 0.500000 0.695272
vt 0.500000 0.799070
vt 0.531250 0.695272
vt 0.531250 0.799070
vt 0.562500 0.695272
vt 0.562500 0.799070
vt 0.593750 0.695273
vt 0.593750 0.799070
vt 0.625000 0.695272
vt 0.625000 0.799070
vt 0.656250 0.695272
vt 0.656250 0.799070
vt 0.687500 0.695272
vt 0.687500 0.799070
vt 0.718750 0.695272
vt 0.718750 0.799070
vt 0.750000 0.695272
vt 0.750000 0.799070
vt 0.781250 0.695273
vt 0.781250 0.799070
vt 0.812500 0.695272
vt 0.812500 0.799070
vt 0.843750 0.695272
vt 0.843750 0.799070
vt 0.875000 0.695272
vt 0.875000 0.799070
vt 0.906250 0.695272
vt 0.906250 0.799070
vt 0.000000 0.799070
vt 0.000000 0.695272
vt 0.968750 0.500000
vt 0.968750 0.594749
vt 0.937500 0.594749
vt 0.937500 0.500000
vt 1.000000 0.500000
vt 1.000000 0.594749
vt 0.062500 0.500000
vt 0.062500 0.594749
vt 0.031250 0.594749
vt 0.031250 0.500000
vt 0.093750 0.500000
vt 0.093750 0.594749
vt 0.125000 0.500000
vt 0.125000 0.594749
vt 0.156250 0.500000
vt 0.156250 0.594749
vt 0.187500 0.500000
vt 0.187500 0.594749
vt 0.218750 0.500000
vt 0.218750 0.594749
vt 0.250000 0.500000
vt 0.250000 0.594749
vt 0.281250 0.500000
vt 0.281250 0.594749
vt 0.312500 0.500000
vt 0.312500 0.594749
vt 0.343750 0.500000
vt 0.343750 0.594749
vt 0.375000 0.500000
vt 0.375000 0.594749
vt 0.406250 0.500000
vt 0.406250 0.594749
vt 0.437500 0.500000
vt 0.437500 0.594749
vt 0.468750 0.500000
vt 0.468750 0.594749
vt 0.500000 0.500000
vt 0.500000 0.594749
vt 0.531250 0.500000
vt 0.531250 0.594749
vt 0.562500 0.500000
vt 0.562500 0.594749
vt 0.593750 0.500000
vt 0.593750 0.594749
vt 0.625000 0.500000
vt 0.625000 0.594749
vt 0.656250 0.500000
vt 0.656250 0.594749
vt 0.687500 0.500000
vt 0.687500 0.594749
vt 0.718750 0.500000
vt 0.718750 0.594749
vt 0.750000 0.500000
vt 0.750000 0.594749
vt 0.781250 0.500000
vt 0.781250 0.594749
vt 0.812500 0.500000
vt 0.812500 0.594749
vt 0.843750 0.500000
vt 0.843750 0.594749
vt 0.875000 0.500000
vt 0.875000 0.594749
vt 0.906250 0.500000
vt 0.906250 0.594749
vt 0.000000 0.594749
vt 0.000000 0.500000
vt 0.343750 0.500000
vt 0.622996 0.032941
vt 0.614664 0.039064
vt 0.312500 0.500000
vt 0.781250 0.500000
vt 0.631705 0.524366
vt 0.630245 0.715119
vt 0.750000 0.500000
vt 0.468750 0.500000
vt 0.621139 0.961535
vt 0.626748 0.967451
vt 0.437500 0.500000
vt 0.281250 0.500000
vt 0.610249 0.045822
vt 0.609265 0.236099
vt 0.250000 0.500000
vt 0.031250 0.500000
vt 0.599521 0.285094
vt 0.598775 0.475609
vt 0.000000 0.500000
vt 0.531250 0.500000
vt 0.620977 0.763639
vt 0.619755 0.954629
vt 0.500000 0.500000
vt 0.062500 0.500000
vt 0.604621 0.279022
vt 0.636258 0.972442
vt 0.406250 0.500000
vt 0.384126 0.985992
vt 0.395104 0.990828
vt 0.606032 0.990645
vt 0.595033 0.985724
vt 0.616898 0.018518
vt 0.635027 0.027692
vt 0.375000 0.500000
vt 0.375000 0.024900
vt 0.375000 0.225100
vt 0.585850 0.224629
vt 0.585850 0.025371
vt 0.375000 0.274900
vt 0.375000 0.475100
vt 0.585850 0.474629
vt 0.585850 0.275371
vt 0.093750 0.500000
vt 0.613414 0.273359
vt 0.125000 0.500000
vt 0.625700 0.268365
vt 0.156250 0.500000
vt 0.626999 0.250218
vt 0.187500 0.500000
vt 0.617368 0.245592
vt 0.218750 0.500000
vt 0.611407 0.240728
vt 0.588186 0.269705
vt 0.595033 0.264276
vt 0.384126 0.264007
vt 0.377310 0.269338
vt 1.000000 0.500000
vt 0.640735 0.475609
vt 0.640601 0.480997
vt 0.968750 0.500000
vt 0.843750 0.500000
vt 0.642160 0.513777
vt 0.634750 0.518979
vt 0.812500 0.500000
vt 0.875000 0.500000
vt 0.653681 0.509038
vt 0.906250 0.500000
vt 0.654776 0.490959
vt 0.937500 0.500000
vt 0.645508 0.486211
vt 0.588186 0.519705
vt 0.595033 0.514276
vt 0.384126 0.514007
vt 0.377310 0.519338
vt 0.630870 0.721266
vt 0.718750 0.500000
vt 0.593750 0.500000
vt 0.632578 0.754195
vt 0.624707 0.758935
vt 0.562500 0.500000
vt 0.625000 0.500000
vt 0.644354 0.749711
vt 0.656250 0.500000
vt 0.645517 0.731700
vt 0.687500 0.500000
vt 0.636128 0.726831
vt 0.375000 0.524900
vt 0.375000 0.725100
vt 0.585850 0.724629
vt 0.585850 0.525371
vt 0.000000 0.500000
vt 0.000000 0.995205
vt 0.031250 0.995205
vt 0.031250 0.500000
vt 0.937500 0.995205
vt 0.937500 0.500000
vt 0.906250 0.500000
vt 0.906250 0.995205
vt 0.906250 0.500000
vt 0.875000 0.500000
vt 0.875000 0.995205
vt 0.843750 0.500000
vt 0.843750 0.995205
vt 0.812500 0.500000
vt 0.812500 0.995205
vt 0.781250 0.500000
vt 0.781250 0.995205
vt 0.750000 0.500000
vt 0.750000 0.995205
vt 0.718750 0.500000
vt 0.718750 0.995205
vt 0.718750 0.995205
vt 0.687500 0.500000
vt 0.687500 0.995205
vt 0.656250 0.500000
vt 0.656250 0.995205
vt 0.656250 0.500000
vt 0.625000 0.500000
vt 0.625000 0.995205
vt 0.593750 0.500000
vt 0.593750 0.995205
vt 0.562500 0.500000
vt 0.562500 0.995205
vt 0.531250 0.500000
vt 0.531250 0.995205
vt 0.500000 0.500000
vt 0.500000 0.995205
vt 0.468750 0.500000
vt 0.468750 0.995205
vt 0.437500 0.500000
vt 0.437500 0.995205
vt 0.406250 0.500000
vt 0.406250 0.995205
vt 0.406250 0.500000
vt 0.375000 0.500000
vt 0.375000 0.995205
vt 0.343750 0.500000
vt 0.343750 0.995205
vt 0.312500 0.500000
vt 0.312500 0.995205
vt 0.281250 0.500000
vt 0.281250 0.995205
vt 0.250000 0.500000
vt 0.250000 0.995205
vt 0.218750 0.500000
vt 0.218750 0.995205
vt 0.187500 0.500000
vt 0.187500 0.995205
vt 0.156250 0.500000
vt 0.156250 0.995205
vt 0.125000 0.500000
vt 0.125000 0.995205
vt 0.093750 0.500000
vt 0.093750 0.995205
vt 0.062500 0.500000
vt 0.062500 0.995205
vt 1.000000 0.995205
vt 1.000000 0.500000
vt 0.968750 0.500000
vt 0.968750 0.995205
vt 0.377310 0.980662
vt 0.588186 0.980295
vt 0.427658 0.000000
vt 0.395104 0.009172
vt 0.606032 0.009354
vt 0.594158 0.000000
vt 0.384126 0.014007
vt 0.595033 0.014276
vt 0.377310 0.019338
vt 0.588186 0.019705
vt 0.375000 0.975100
vt 0.585850 0.974629
vt 0.588186 0.230295
vt 0.377310 0.230662
vt 0.595033 0.235724
vt 0.384126 0.235993
vt 0.606032 0.240645
vt 0.395104 0.240828
vt 0.606032 0.259354
vt 0.395104 0.259172
vt 0.588186 0.480295
vt 0.377310 0.480662
vt 0.595033 0.485724
vt 0.384126 0.485993
vt 0.606032 0.490645
vt 0.395104 0.490828
vt 0.606032 0.509355
vt 0.395104 0.509172
vt 0.588186 0.769705
vt 0.595033 0.764276
vt 0.384126 0.764007
vt 0.377310 0.769338
vt 0.588186 0.730295
vt 0.377310 0.730662
vt 0.595033 0.735724
vt 0.384126 0.735992
vt 0.606032 0.740645
vt 0.395104 0.740828
vt 0.606032 0.759354
vt 0.395104 0.759172
vt 0.585850 0.775371
vt 0.375000 0.774900
vt 0.968750 0.995205
vt 0.500000 0.996743
vt 1.000000 0.995205
vt 0.937500 0.995205
vt 0.906250 0.995205
vt 0.875000 0.995205
vt 0.843750 0.995205
vt 0.812500 0.995205
vt 0.781250 0.995205
vt 0.750000 0.995205
vt 0.718750 0.995205
vt 0.687500 0.995205
vt 0.718750 0.995205
vt 0.656250 0.995205
vt 0.625000 0.995205
vt 0.593750 0.995205
vt 0.562500 0.995205
vt 0.531250 0.995205
vt 0.500000 0.995205
vt 0.468750 0.995205
vt 0.437500 0.995205
vt 0.406250 0.995205
vt 0.375000 0.995205
vt 0.343750 0.995205
vt 0.312500 0.995205
vt 0.281250 0.995205
vt 0.250000 0.995205
vt 0.218750 0.995205
vt 0.187500 0.995205
vt 0.156250 0.995205
vt 0.125000 0.995205
vt 0.093750 0.995205
vt 0.062500 0.995205
vt 0.031250 0.995205
vt 0.000000 0.995205
vt 0.619755 0.954629
vt 0.621463 0.961063
vt 0.623121 0.967550
vt 0.621139 0.961535
vt 0.623173 0.967425
vt 0.625057 0.973454
vt 0.609718 0.973809
vt 0.612243 0.979706
vt 0.598168 0.974405
vt 0.600548 0.980134
vt 0.585850 0.974629
vt 0.588186 0.980295
vt 0.629104 0.973298
vt 0.626748 0.967451
vt 0.631379 0.979001
vt 0.619499 0.985363
vt 0.607495 0.985623
vt 0.595033 0.985724
vt 0.639087 0.978271
vt 0.636258 0.972442
vt 0.641828 0.983958
vt 0.630804 0.990438
vt 0.618569 0.990587
vt 0.606032 0.990645
vt 0.616898 0.018518
vt 0.619478 0.012573
vt 0.638258 0.021821
vt 0.635027 0.027692
vt 0.621954 0.006764
vt 0.641406 0.016096
vt 0.614036 -0.000186
vt 0.631264 0.009395
vt 0.604142 -0.000048
vt 0.618688 0.009370
vt 0.594158 0.000000
vt 0.606032 0.009354
vt 0.626560 0.026971
vt 0.622996 0.032941
vt 0.630025 0.021151
vt 0.619771 0.014518
vt 0.607565 0.014346
vt 0.595033 0.014276
vt 0.618723 0.032866
vt 0.614664 0.039064
vt 0.622690 0.026801
vt 0.612432 0.020171
vt 0.600596 0.019835
vt 0.588186 0.019705
vt 0.615017 0.039253
vt 0.610249 0.045822
vt 0.619743 0.032772
vt 0.609793 0.026054
vt 0.598187 0.025560
vt 0.585850 0.025371
vt 0.604621 0.279022
vt 0.611914 0.276056
vt 0.607764 0.282000
vt 0.599521 0.285094
vt 0.619058 0.273168
vt 0.615946 0.278975
vt 0.612432 0.270171
vt 0.609793 0.276054
vt 0.600596 0.269835
vt 0.598187 0.275560
vt 0.588186 0.269705
vt 0.585850 0.275371
vt 0.613414 0.273359
vt 0.620053 0.270464
vt 0.626520 0.267646
vt 0.619771 0.264518
vt 0.607565 0.264346
vt 0.595033 0.264276
vt 0.625700 0.268365
vt 0.631924 0.265484
vt 0.637993 0.262672
vt 0.631282 0.259378
vt 0.618692 0.259366
vt 0.606032 0.259354
vt 0.626999 0.250218
vt 0.632803 0.247124
vt 0.638456 0.244081
vt 0.631129 0.240345
vt 0.618652 0.240563
vt 0.606032 0.240646
vt 0.617368 0.245592
vt 0.622739 0.242392
vt 0.627967 0.239236
vt 0.619499 0.235364
vt 0.607495 0.235624
vt 0.595033 0.235724
vt 0.611407 0.240728
vt 0.616534 0.237313
vt 0.621578 0.233890
vt 0.612243 0.229706
vt 0.600548 0.230134
vt 0.588186 0.230295
vt 0.609265 0.236099
vt 0.614384 0.232300
vt 0.619510 0.228414
vt 0.609718 0.223809
vt 0.598168 0.224405
vt 0.585850 0.224629
vt 0.634750 0.518979
vt 0.632343 0.519247
vt 0.629524 0.524747
vt 0.631705 0.524366
vt 0.629956 0.519535
vt 0.627337 0.525178
vt 0.612432 0.520171
vt 0.609793 0.526054
vt 0.600596 0.519835
vt 0.598187 0.525560
vt 0.588186 0.519705
vt 0.585850 0.525371
vt 0.642160 0.513777
vt 0.639574 0.513957
vt 0.637034 0.514141
vt 0.619771 0.514518
vt 0.607565 0.514346
vt 0.595033 0.514276
vt 0.653681 0.509038
vt 0.650932 0.509148
vt 0.648255 0.509251
vt 0.631282 0.509378
vt 0.618692 0.509366
vt 0.606032 0.509355
vt 0.654776 0.490959
vt 0.651668 0.490836
vt 0.648625 0.490691
vt 0.631129 0.490345
vt 0.618652 0.490563
vt 0.606032 0.490645
vt 0.645508 0.486211
vt 0.641834 0.486027
vt 0.638202 0.485824
vt 0.619499 0.485364
vt 0.607495 0.485624
vt 0.595033 0.485724
vt 0.640601 0.480997
vt 0.636296 0.480725
vt 0.632014 0.480411
vt 0.612243 0.479706
vt 0.600548 0.480134
vt 0.588186 0.480295
vt 0.640735 0.475609
vt 0.635650 0.475235
vt 0.630610 0.474803
vt 0.609778 0.473825
vt 0.598183 0.474409
vt 0.585850 0.474629
vt 0.624707 0.758936
vt 0.625533 0.762437
vt 0.622270 0.767494
vt 0.620977 0.763639
vt 0.626323 0.765902
vt 0.623540 0.771381
vt 0.612432 0.770171
vt 0.609793 0.776054
vt 0.600596 0.769835
vt 0.598187 0.775560
vt 0.588186 0.769705
vt 0.585850 0.775371
vt 0.632578 0.754195
vt 0.633067 0.757450
vt 0.633529 0.760636
vt 0.619771 0.764518
vt 0.607565 0.764346
vt 0.595033 0.764276
vt 0.644354 0.749711
vt 0.644596 0.752812
vt 0.644834 0.755830
vt 0.631282 0.759378
vt 0.618692 0.759366
vt 0.606032 0.759354
vt 0.645517 0.731700
vt 0.645379 0.734547
vt 0.645235 0.737301
vt 0.631129 0.740345
vt 0.618652 0.740563
vt 0.606032 0.740645
vt 0.636128 0.726831
vt 0.635469 0.729662
vt 0.634791 0.732412
vt 0.619499 0.735364
vt 0.607495 0.735624
vt 0.595033 0.735724
vt 0.630870 0.721266
vt 0.629709 0.724138
vt 0.628536 0.726933
vt 0.612243 0.729706
vt 0.600548 0.730134
vt 0.588186 0.730295
vt 0.630245 0.715119
vt 0.628542 0.718142
vt 0.626835 0.721089
vt 0.609718 0.723809
vt 0.598168 0.724405
vt 0.585850 0.724629
vt 0.609658 0.473793
vt 0.616023 0.474699
vt 0.607349 0.475207
vt 0.598775 0.475609
vt 0.968750 0.500000
vt 0.937500 0.500000
vt 0.906250 0.500000
vt 0.875000 0.500000
vt 0.843750 0.500000
vt 0.812500 0.500000
vt 0.781250 0.500000
vt 0.750000 0.500000
vt 0.718750 0.500000
vt 0.687500 0.500000
vt 0.656250 0.500000
vt 0.625000 0.500000
vt 0.593750 0.500000
vt 0.562500 0.500000
vt 0.531250 0.500000
vt 0.500000 0.500000
vt 0.468750 0.500000
vt 0.437500 0.500000
vt 0.406250 0.500000
vt 0.375000 0.500000
vt 0.343750 0.500000
vt 0.312500 0.500000
vt 0.281250 0.500000
vt 0.250000 0.500000
vt 0.218750 0.500000
vt 0.187500 0.500000
vt 0.156250 0.500000
vt 0.125000 0.500000
vt 0.093750 0.500000
vt 0.062500 0.500000
vt 0.031250 0.500000
vt 0.000000 0.500000
vt 1.000000 0.500000
vt 0.375000 0.975100
vt 0.377310 0.980662
vt 0.377310 0.980662
vt 0.375000 0.975100
vt 0.384126 0.985992
vt 0.384126 0.985992
vt 0.395104 0.990828
vt 0.395104 0.990828
vt 0.427658 0.000000
vt 0.395104 0.009172
vt 0.395104 0.009172
vt 0.427658 0.000000
vt 0.384126 0.014007
vt 0.384126 0.014007
vt 0.377310 0.019338
vt 0.377310 0.019338
vt 0.375000 0.024900
vt 0.375000 0.024900
vt 0.377310 0.269338
vt 0.375000 0.274900
vt 0.375000 0.274900
vt 0.377310 0.269338
vt 0.384126 0.264007
vt 0.384126 0.264007
vt 0.395104 0.259172
vt 0.395104 0.259172
vt 0.395104 0.240828
vt 0.395104 0.240828
vt 0.384126 0.235993
vt 0.384126 0.235993
vt 0.377310 0.230662
vt 0.377310 0.230662
vt 0.375000 0.225100
vt 0.375000 0.225100
vt 0.377310 0.519338
vt 0.375000 0.524900
vt 0.375000 0.524900
vt 0.377310 0.519338
vt 0.384126 0.514007
vt 0.384126 0.514007
vt 0.395104 0.509172
vt 0.395104 0.509172
vt 0.395104 0.490828
vt 0.395104 0.490828
vt 0.384126 0.485993
vt 0.384126 0.485993
vt 0.377310 0.480662
vt 0.377310 0.480662
vt 0.375000 0.475100
vt 0.375000 0.475100
vt 0.377310 0.769338
vt 0.375000 0.774900
vt 0.375000 0.774900
vt 0.377310 0.769338
vt 0.384126 0.764007
vt 0.384126 0.764007
vt 0.395104 0.759172
vt 0.395104 0.759172
vt 0.395104 0.740828
vt 0.395104 0.740828
vt 0.384126 0.735992
vt 0.384126 0.735992
vt 0.377310 0.730662
vt 0.377310 0.730662
vt 0.375000 0.725100
vt 0.375000 0.725100
vn 0.0016 1.0000 -0.0009
vn 0.0022 1.0000 -0.0007
vn -0.0913 0.9957 0.0145
vn -0.0660 0.9974 0.0287
vn -0.0039 1.0000 0.0002
vn -0.0042 1.0000 0.0000
vn 0.1244 0.9922 0.0010
vn 0.1233 0.9923 -0.0015
vn 0.0004 1.0000 -0.0031
vn 0.0007 1.0000 -0.0020
vn -0.0284 0.9970 0.0710
vn -0.0132 0.9946 0.1026
vn 0.0039 1.0000 -0.0002
vn 0.0042 1.0000 0.0000
vn -0.1244 0.9922 -0.0010
vn -0.1233 0.9923 0.0015
vn 0.0002 1.0000 0.0039
vn 0.0000 1.0000 0.0042
vn 0.0010 0.9922 -0.1244
vn -0.0015 0.9923 -0.1233
vn -0.0002 1.0000 -0.0039
vn 0.0000 1.0000 -0.0042
vn -0.0010 0.9922 0.1244
vn 0.0015 0.9923 0.1233
vn 0.0007 1.0000 0.0022
vn -0.0145 0.9957 -0.0913
vn 0.0010 1.0000 -0.0016
vn -0.0398 0.9977 0.0536
vn -0.4239 0.2655 0.8659
vn -0.4114 0.3366 0.8470
vn -0.5841 0.3544 0.7302
vn -0.6005 0.2779 0.7497
vn 0.0013 1.0000 -0.0012
vn -0.0513 0.9978 0.0407
vn -0.9751 0.2133 0.0612
vn -0.9631 0.2629 0.0574
vn -0.9636 0.2610 -0.0580
vn -0.9751 0.2133 -0.0612
vn -0.0612 0.2133 -0.9751
vn -0.0574 0.2629 -0.9631
vn 0.0580 0.2610 -0.9636
vn 0.0612 0.2133 -0.9751
vn 0.0009 1.0000 0.0016
vn -0.0287 0.9974 -0.0660
vn 0.0012 1.0000 0.0013
vn -0.0407 0.9978 -0.0513
vn 0.0016 1.0000 0.0010
vn -0.0536 0.9977 -0.0398
vn 0.0020 1.0000 0.0007
vn -0.0710 0.9970 -0.0284
vn 0.0031 1.0000 0.0004
vn -0.1026 0.9946 -0.0132
vn -0.2158 0.3036 -0.9280
vn -0.2258 0.2408 -0.9439
vn -0.4239 0.2655 -0.8659
vn -0.4100 0.3385 -0.8470
vn -0.0004 1.0000 0.0031
vn 0.0132 0.9946 -0.1026
vn -0.0016 1.0000 0.0009
vn -0.0022 1.0000 0.0007
vn 0.0913 0.9957 -0.0145
vn 0.0660 0.9974 -0.0287
vn -0.0013 1.0000 0.0012
vn 0.0513 0.9978 -0.0407
vn -0.0010 1.0000 0.0016
vn 0.0398 0.9977 -0.0536
vn -0.0007 1.0000 0.0020
vn 0.0284 0.9970 -0.0710
vn 0.9280 0.3036 -0.2158
vn 0.9439 0.2408 -0.2258
vn 0.8659 0.2655 -0.4239
vn 0.8470 0.3385 -0.4100
vn -0.0031 1.0000 -0.0004
vn 0.1026 0.9946 0.0132
vn -0.0009 1.0000 -0.0016
vn -0.0007 1.0000 -0.0022
vn 0.0145 0.9957 0.0913
vn 0.0287 0.9974 0.0660
vn -0.0012 1.0000 -0.0013
vn 0.0407 0.9978 0.0513
vn -0.0016 1.0000 -0.0010
vn 0.0536 0.9977 0.0398
vn -0.0020 1.0000 -0.0007
vn 0.0710 0.9970 0.0284
vn 0.9751 0.2133 -0.0612
vn 0.9631 0.2629 -0.0574
vn 0.9636 0.2610 0.0580
vn 0.9751 0.2133 0.0612
vn -0.1893 0.2415 -0.9517
vn -0.1854 0.3110 -0.9321
vn 0.0000 0.3110 -0.9504
vn 0.0000 0.2415 -0.9704
vn 0.3713 0.2415 -0.8965
vn 0.3637 0.3110 -0.8780
vn 0.5280 0.3110 -0.7902
vn 0.5391 0.2415 -0.8068
vn 0.6720 0.3110 -0.6720
vn 0.6861 0.2415 -0.6861
vn 0.7902 0.3110 -0.5280
vn 0.8068 0.2415 -0.5391
vn 0.8780 0.3110 -0.3637
vn 0.8965 0.2415 -0.3713
vn 0.9321 0.3110 -0.1854
vn 0.9517 0.2415 -0.1893
vn 0.9504 0.3110 0.0000
vn 0.9704 0.2415 0.0000
vn 0.9321 0.3110 0.1854
vn 0.9517 0.2415 0.1893
vn 0.8780 0.3110 0.3637
vn 0.8965 0.2415 0.3713
vn 0.7902 0.3110 0.5280
vn 0.8068 0.2415 0.5391
vn 0.6720 0.3110 0.6720
vn 0.6861 0.2415 0.6861
vn 0.5280 0.3110 0.7902
vn 0.5391 0.2415 0.8068
vn 0.3637 0.3110 0.8780
vn 0.3713 0.2415 0.8965
vn 0.1854 0.3110 0.9321
vn 0.1893 0.2415 0.9517
vn 0.0000 0.3110 0.9504
vn 0.0000 0.2415 0.9704
vn -0.1854 0.3110 0.9321
vn -0.1893 0.2415 0.9517
vn -0.3637 0.3110 0.8780
vn -0.3713 0.2415 0.8965
vn -0.5280 0.3110 0.7902
vn -0.5391 0.2415 0.8068
vn -0.6720 0.3110 0.6720
vn -0.6861 0.2415 0.6861
vn -0.7902 0.3110 0.5280
vn -0.8068 0.2415 0.5391
vn -0.8780 0.3110 0.3637
vn -0.8965 0.2415 0.3713
vn -0.9321 0.3110 0.1854
vn -0.9517 0.2415 0.1893
vn -0.9504 0.3110 0.0000
vn -0.9704 0.2415 0.0000
vn -0.9321 0.3110 -0.1854
vn -0.9517 0.2415 -0.1893
vn -0.8780 0.3110 -0.3637
vn -0.8965 0.2415 -0.3713
vn -0.7902 0.3110 -0.5280
vn -0.8068 0.2415 -0.5391
vn -0.6720 0.3110 -0.6720
vn -0.6861 0.2415 -0.6861
vn -0.5280 0.3110 -0.7902
vn -0.5391 0.2415 -0.8068
vn -0.3637 0.3110 -0.8780
vn -0.3713 0.2415 -0.8965
vn 0.1854 0.3110 -0.9321
vn 0.1893 0.2415 -0.9517
vn 0.7886 0.3168 -0.5269
vn 0.8763 0.3168 -0.3630
vn 0.8951 0.2475 -0.3708
vn 0.8056 0.2475 -0.5383
vn -0.9303 0.3168 -0.1850
vn -0.8763 0.3168 -0.3630
vn -0.8951 0.2475 -0.3708
vn -0.9503 0.2475 -0.1890
vn 0.3630 0.3168 0.8763
vn 0.1850 0.3168 0.9303
vn 0.1890 0.2475 0.9503
vn 0.3708 0.2475 0.8951
vn -0.9303 0.3168 0.1850
vn -0.9485 0.3168 0.0000
vn -0.9689 0.2475 0.0000
vn -0.9503 0.2475 0.1890
vn -0.1850 0.3168 -0.9303
vn 0.0000 0.3168 -0.9485
vn 0.0000 0.2475 -0.9689
vn -0.1890 0.2475 -0.9503
vn 0.0000 1.0000 0.0000
vn 0.0151 0.9970 -0.0760
vn 0.0000 0.9970 -0.0774
vn 0.8763 0.3168 0.3630
vn 0.7886 0.3168 0.5269
vn 0.8056 0.2475 0.5383
vn 0.8951 0.2475 0.3708
vn -0.5269 0.3168 0.7886
vn -0.6707 0.3168 0.6707
vn -0.6851 0.2475 0.6851
vn -0.5383 0.2475 0.8056
vn -0.6707 0.3168 -0.6707
vn -0.5269 0.3168 -0.7886
vn -0.5383 0.2475 -0.8056
vn -0.6851 0.2475 -0.6851
vn 0.9303 0.3168 -0.1850
vn 0.9503 0.2475 -0.1890
vn 0.0000 0.3168 0.9485
vn 0.0000 0.2475 0.9689
vn -0.0760 0.9970 -0.0151
vn -0.0774 0.9970 0.0000
vn 0.3630 0.3168 -0.8763
vn 0.5269 0.3168 -0.7886
vn 0.5383 0.2475 -0.8056
vn 0.3708 0.2475 -0.8951
vn 0.6707 0.3168 0.6707
vn 0.6851 0.2475 0.6851
vn -0.7886 0.3168 0.5269
vn -0.8056 0.2475 0.5383
vn -0.3630 0.3168 -0.8763
vn -0.3708 0.2475 -0.8951
vn 0.9485 0.3168 0.0000
vn 0.9689 0.2475 0.0000
vn -0.1850 0.3168 0.9303
vn -0.1890 0.2475 0.9503
vn 0.6707 0.3168 -0.6707
vn 0.6851 0.2475 -0.6851
vn 0.5269 0.3168 0.7886
vn 0.5383 0.2475 0.8056
vn -0.8763 0.3168 0.3630
vn -0.8951 0.2475 0.3708
vn 0.9303 0.3168 0.1850
vn 0.9502 0.2475 0.1890
vn -0.3630 0.3168 0.8763
vn -0.3708 0.2475 0.8951
vn -0.7886 0.3168 -0.5269
vn -0.8056 0.2475 -0.5383
vn -0.2258 0.2408 0.9439
vn -0.2171 0.3009 0.9286
vn 0.0548 0.9970 0.0548
vn 0.0644 0.9970 0.0430
vn -0.0715 0.9970 -0.0296
vn 0.0430 0.9970 0.0644
vn -0.0644 0.9970 -0.0430
vn 0.0296 0.9970 0.0715
vn -0.0151 0.9970 -0.0760
vn -0.0548 0.9970 -0.0548
vn 0.0151 0.9970 0.0760
vn 0.0296 0.9970 -0.0715
vn -0.0430 0.9970 -0.0644
vn 0.0000 0.9970 0.0774
vn 0.0430 0.9970 -0.0644
vn -0.0296 0.9970 -0.0715
vn -0.0151 0.9970 0.0760
vn 0.0548 0.9970 -0.0548
vn -0.0296 0.9970 0.0715
vn 0.0644 0.9970 -0.0430
vn 0.1850 0.3168 -0.9303
vn 0.1890 0.2475 -0.9503
vn -0.0430 0.9970 0.0644
vn 0.0715 0.9970 -0.0296
vn -0.0548 0.9970 0.0548
vn 0.0760 0.9970 -0.0151
vn -0.0644 0.9970 0.0430
vn 0.0774 0.9970 0.0000
vn -0.0715 0.9970 0.0296
vn 0.0760 0.9970 0.0151
vn -0.0760 0.9970 0.0151
vn 0.0715 0.9970 0.0296
vn -0.7308 0.3550 0.5830
vn -0.7497 0.2779 0.6005
vn -0.8470 0.3385 0.4100
vn -0.8659 0.2655 0.4239
vn -0.9280 0.3036 0.2158
vn -0.9439 0.2408 0.2258
vn -0.0612 0.2133 0.9751
vn -0.0580 0.2610 0.9636
vn -0.9286 0.3009 -0.2171
vn -0.9439 0.2408 -0.2258
vn -0.8470 0.3366 -0.4114
vn -0.8659 0.2655 -0.4239
vn -0.7302 0.3544 -0.5841
vn -0.7497 0.2779 -0.6005
vn -0.5830 0.3550 -0.7308
vn -0.6005 0.2779 -0.7497
vn 0.2171 0.3009 -0.9286
vn 0.2258 0.2408 -0.9439
vn 0.4114 0.3366 -0.8470
vn 0.4239 0.2655 -0.8659
vn 0.5841 0.3544 -0.7302
vn 0.6005 0.2779 -0.7497
vn 0.7308 0.3550 -0.5830
vn 0.7497 0.2779 -0.6005
vn 0.2158 0.3036 0.9280
vn 0.2258 0.2408 0.9439
vn 0.4239 0.2655 0.8659
vn 0.4100 0.3385 0.8470
vn 0.9286 0.3009 0.2171
vn 0.9439 0.2408 0.2258
vn 0.8470 0.3366 0.4114
vn 0.8659 0.2655 0.4239
vn 0.7302 0.3544 0.5841
vn 0.7497 0.2779 0.6005
vn 0.5830 0.3550 0.7308
vn 0.6005 0.2779 0.7497
vn 0.0574 0.2629 0.9631
vn 0.0612 0.2133 0.9751
vn 0.0000 0.4983 -0.8670
vn 0.1691 0.4983 -0.8503
vn 0.0000 0.7027 -0.7114
vn 0.1388 0.7027 -0.6978
vn 0.0000 0.8556 -0.5176
vn 0.1010 0.8556 -0.5076
vn 0.0000 0.9589 -0.2838
vn 0.0554 0.9589 -0.2783
vn 0.0000 0.9970 -0.0776
vn 0.0151 0.9970 -0.0761
vn 0.3318 0.4983 -0.8010
vn 0.2723 0.7027 -0.6573
vn 0.1981 0.8556 -0.4782
vn 0.1086 0.9589 -0.2622
vn 0.0297 0.9970 -0.0717
vn 0.4816 0.4983 -0.7208
vn 0.3952 0.7027 -0.5915
vn 0.2875 0.8556 -0.4303
vn 0.1577 0.9589 -0.2359
vn 0.0431 0.9970 -0.0645
vn 0.6130 0.4983 -0.6130
vn 0.5031 0.7027 -0.5031
vn 0.3660 0.8556 -0.3660
vn 0.2007 0.9589 -0.2007
vn 0.0549 0.9970 -0.0549
vn 0.7208 0.4983 -0.4816
vn 0.5915 0.7027 -0.3952
vn 0.4304 0.8556 -0.2875
vn 0.2359 0.9589 -0.1577
vn 0.0645 0.9970 -0.0431
vn 0.8010 0.4983 -0.3318
vn 0.6573 0.7027 -0.2723
vn 0.4782 0.8556 -0.1981
vn 0.2622 0.9589 -0.1086
vn 0.0717 0.9970 -0.0297
vn 0.8503 0.4983 -0.1691
vn 0.6978 0.7027 -0.1388
vn 0.5076 0.8556 -0.1010
vn 0.2783 0.9589 -0.0554
vn 0.0761 0.9970 -0.0151
vn 0.8670 0.4983 0.0000
vn 0.7114 0.7027 0.0000
vn 0.5176 0.8556 0.0000
vn 0.2838 0.9589 0.0000
vn 0.0776 0.9970 0.0000
vn 0.8503 0.4983 0.1691
vn 0.6978 0.7027 0.1388
vn 0.5076 0.8556 0.1010
vn 0.2783 0.9589 0.0554
vn 0.0761 0.9970 0.0151
vn 0.8010 0.4983 0.3318
vn 0.6573 0.7027 0.2723
vn 0.4782 0.8556 0.1981
vn 0.2622 0.9589 0.1086
vn 0.0717 0.9970 0.0297
vn 0.7208 0.4983 0.4816
vn 0.5915 0.7027 0.3952
vn 0.4304 0.8556 0.2875
vn 0.2359 0.9589 0.1577
vn 0.0645 0.9970 0.0431
vn 0.6130 0.4983 0.6130
vn 0.5031 0.7027 0.5031
vn 0.3660 0.8556 0.3660
vn 0.2007 0.9589 0.2007
vn 0.0549 0.9970 0.0549
vn 0.4816 0.4983 0.7208
vn 0.3952 0.7027 0.5915
vn 0.2875 0.8556 0.4304
vn 0.1577 0.9589 0.2359
vn 0.0431 0.9970 0.0645
vn 0.3318 0.4983 0.8010
vn 0.2723 0.7027 0.6573
vn 0.1981 0.8556 0.4782
vn 0.1086 0.9589 0.2622
vn 0.0297 0.9970 0.0717
vn 0.1691 0.4983 0.8503
vn 0.1388 0.7027 0.6978
vn 0.1010 0.8556 0.5076
vn 0.0554 0.9589 0.2783
vn 0.0151 0.9970 0.0761
vn 0.0000 0.4983 0.8670
vn 0.0000 0.7027 0.7114
vn 0.0000 0.8556 0.5176
vn 0.0000 0.9589 0.2838
vn 0.0000 0.9970 0.0776
vn -0.1691 0.4983 0.8503
vn -0.1388 0.7027 0.6978
vn -0.1010 0.8556 0.5076
vn -0.0554 0.9589 0.2783
vn -0.0151 0.9970 0.0761
vn -0.3318 0.4983 0.8010
vn -0.2723 0.7027 0.6573
vn -0.1981 0.8556 0.4782
vn -0.1086 0.9589 0.2622
vn -0.0297 0.9970 0.0717
vn -0.4816 0.4983 0.7208
vn -0.3952 0.7027 0.5915
vn -0.2875 0.8556 0.4304
vn -0.1577 0.9589 0.2359
vn -0.0431 0.9970 0.0645
vn -0.6130 0.4983 0.6130
vn -0.5031 0.7027 0.5031
vn -0.3660 0.8556 0.3660
vn -0.2007 0.9589 0.2007
vn -0.0549 0.9970 0.0549
vn -0.7208 0.4983 0.4816
vn -0.5915 0.7027 0.3952
vn -0.4304 0.8556 0.2875
vn -0.2359 0.9589 0.1577
vn -0.0645 0.9970 0.0431
vn -0.8010 0.4983 0.3318
vn -0.6573 0.7027 0.2723
vn -0.4782 0.8556 0.1981
vn -0.2622 0.9589 0.1086
vn -0.0717 0.9970 0.0297
vn -0.8503 0.4983 0.1691
vn -0.6978 0.7027 0.1388
vn -0.5076 0.8556 0.1010
vn -0.2783 0.9589 0.0554
vn -0.0761 0.9970 0.0151
vn -0.8670 0.4983 0.0000
vn -0.7114 0.7027 0.0000
vn -0.5176 0.8556 0.0000
vn -0.2838 0.9589 0.0000
vn -0.0776 0.9970 0.0000
vn -0.8503 0.4983 -0.1691
vn -0.6978 0.7027 -0.1388
vn -0.5076 0.8556 -0.1010
vn -0.2783 0.9589 -0.0554
vn -0.0761 0.9970 -0.0151
vn -0.8010 0.4983 -0.3318
vn -0.6573 0.7027 -0.2723
vn -0.4782 0.8556 -0.1981
vn -0.2622 0.9589 -0.1086
vn -0.0717 0.9970 -0.0297
vn -0.7208 0.4983 -0.4816
vn -0.5915 0.7027 -0.3952
vn -0.4304 0.8556 -0.2875
vn -0.2359 0.9589 -0.1576
vn -0.0645 0.9970 -0.0431
vn -0.6130 0.4983 -0.6130
vn -0.5031 0.7027 -0.5031
vn -0.3660 0.8556 -0.3660
vn -0.2007 0.9589 -0.2007
vn -0.0549 0.9970 -0.0549
vn -0.4816 0.4983 -0.7208
vn -0.3952 0.7027 -0.5915
vn -0.2875 0.8556 -0.4304
vn -0.1577 0.9589 -0.2359
vn -0.0431 0.9970 -0.0645
vn -0.3318 0.4983 -0.8010
vn -0.2723 0.7027 -0.6573
vn -0.1981 0.8556 -0.4782
vn -0.1086 0.9589 -0.2622
vn -0.0297 0.9970 -0.0717
vn -0.1691 0.4983 -0.8503
vn -0.1388 0.7027 -0.6978
vn -0.1010 0.8556 -0.5076
vn -0.0554 0.9589 -0.2783
vn -0.0151 0.9970 -0.0761
vn -0.0585 0.9390 0.3388
vn -0.0126 0.9112 0.4118
vn -0.1147 0.8152 0.5676
vn -0.0299 0.7471 0.6640
vn -0.1611 0.6580 0.7356
vn -0.0433 0.5746 0.8173
vn -0.1999 0.4690 0.8603
vn -0.0547 0.4006 0.9146
vn -0.1107 0.9610 0.2534
vn -0.2091 0.8657 0.4548
vn -0.2957 0.7229 0.6245
vn -0.3708 0.5252 0.7659
vn -0.1519 0.9683 0.1981
vn -0.2868 0.8851 0.3665
vn -0.4099 0.7510 0.5176
vn -0.5205 0.5519 0.6515
vn -0.1925 0.9692 0.1535
vn -0.3606 0.8872 0.2878
vn -0.5138 0.7537 0.4097
vn -0.6509 0.5539 0.5192
vn -0.2413 0.9641 0.1108
vn -0.4416 0.8727 0.2083
vn -0.6153 0.7313 0.2941
vn -0.7628 0.5311 0.3687
vn -0.3150 0.9471 0.0608
vn -0.5453 0.8302 0.1161
vn -0.7217 0.6731 0.1613
vn -0.8554 0.4783 0.1986
vn -0.4006 0.9161 0.0145
vn -0.6496 0.7595 0.0324
vn -0.8082 0.5871 0.0451
vn -0.9113 0.4081 0.0549
vn -0.0145 0.9161 -0.4006
vn -0.0608 0.9471 -0.3150
vn -0.0324 0.7595 -0.6496
vn -0.1161 0.8302 -0.5453
vn -0.0451 0.5871 -0.8082
vn -0.1613 0.6731 -0.7217
vn -0.0549 0.4081 -0.9113
vn -0.1986 0.4783 -0.8554
vn -0.1108 0.9641 -0.2413
vn -0.2083 0.8727 -0.4416
vn -0.2941 0.7313 -0.6153
vn -0.3687 0.5311 -0.7628
vn -0.1535 0.9692 -0.1925
vn -0.2878 0.8872 -0.3607
vn -0.4097 0.7537 -0.5138
vn -0.5192 0.5539 -0.6509
vn -0.1981 0.9683 -0.1519
vn -0.3665 0.8851 -0.2868
vn -0.5176 0.7510 -0.4099
vn -0.6515 0.5519 -0.5205
vn -0.2534 0.9610 -0.1107
vn -0.4548 0.8657 -0.2091
vn -0.6245 0.7229 -0.2957
vn -0.7659 0.5252 -0.3708
vn -0.3387 0.9390 -0.0585
vn -0.5676 0.8152 -0.1147
vn -0.7356 0.6580 -0.1611
vn -0.8603 0.4690 -0.1999
vn -0.4118 0.9112 -0.0126
vn -0.6640 0.7471 -0.0299
vn -0.8173 0.5746 -0.0433
vn -0.9146 0.4006 -0.0547
vn 0.4006 0.9161 -0.0145
vn 0.3150 0.9471 -0.0608
vn 0.6496 0.7595 -0.0324
vn 0.5453 0.8302 -0.1161
vn 0.8082 0.5871 -0.0451
vn 0.7217 0.6731 -0.1613
vn 0.9113 0.4081 -0.0549
vn 0.8554 0.4783 -0.1986
vn 0.2413 0.9641 -0.1108
vn 0.4416 0.8727 -0.2083
vn 0.6153 0.7313 -0.2941
vn 0.7628 0.5311 -0.3687
vn 0.1925 0.9692 -0.1535
vn 0.3606 0.8872 -0.2878
vn 0.5138 0.7537 -0.4097
vn 0.6509 0.5539 -0.5192
vn 0.1519 0.9683 -0.1981
vn 0.2868 0.8851 -0.3665
vn 0.4099 0.7510 -0.5176
vn 0.5205 0.5519 -0.6515
vn 0.1107 0.9610 -0.2534
vn 0.2091 0.8657 -0.4548
vn 0.2957 0.7229 -0.6245
vn 0.3708 0.5252 -0.7659
vn 0.0585 0.9390 -0.3388
vn 0.1147 0.8152 -0.5676
vn 0.1611 0.6580 -0.7356
vn 0.1999 0.4690 -0.8603
vn 0.0126 0.9112 -0.4118
vn 0.0299 0.7471 -0.6640
vn 0.0433 0.5746 -0.8173
vn 0.0547 0.4006 -0.9146
vn 0.0145 0.9161 0.4006
vn 0.0608 0.9471 0.3150
vn 0.0324 0.7595 0.6496
vn 0.1161 0.8302 0.5453
vn 0.0451 0.5871 0.8082
vn 0.1613 0.6731 0.7217
vn 0.0549 0.4081 0.9113
vn 0.1986 0.4783 0.8554
vn 0.1108 0.9641 0.2413
vn 0.2083 0.8727 0.4416
vn 0.2941 0.7313 0.6153
vn 0.3687 0.5311 0.7628
vn 0.1535 0.9692 0.1925
vn 0.2878 0.8872 0.3607
vn 0.4097 0.7537 0.5138
vn 0.5192 0.5539 0.6509
vn 0.1981 0.9683 0.1519
vn 0.3665 0.8851 0.2868
vn 0.5176 0.7510 0.4099
vn 0.6515 0.5519 0.5205
vn 0.2534 0.9610 0.1107
vn 0.4548 0.8657 0.2091
vn 0.6245 0.7229 0.2957
vn 0.7659 0.5252 0.3708
vn 0.3387 0.9390 0.0585
vn 0.5676 0.8152 0.1147
vn 0.7356 0.6580 0.1611
vn 0.8603 0.4690 0.1999
vn 0.4118 0.9112 0.0126
vn 0.6640 0.7471 0.0299
vn 0.8173 0.5746 0.0433
vn 0.9146 0.4006 0.0547
vn 0.0552 0.9592 -0.2774
vn 0.0000 0.9592 -0.2828
vn 0.1006 0.8568 -0.5057
vn 0.0000 0.8568 -0.5156
vn 0.1382 0.7055 -0.6951
vn 0.0000 0.7055 -0.7087
vn 0.1686 0.5029 -0.8477
vn 0.0000 0.5029 -0.8643
vn 0.1082 0.9592 -0.2613
vn 0.1973 0.8568 -0.4763
vn 0.2712 0.7055 -0.6548
vn 0.3308 0.5029 -0.7985
vn 0.1571 0.9592 -0.2351
vn 0.2864 0.8568 -0.4287
vn 0.3937 0.7055 -0.5893
vn 0.4802 0.5029 -0.7187
vn 0.2000 0.9592 -0.2000
vn 0.3645 0.8568 -0.3645
vn 0.5011 0.7055 -0.5011
vn 0.6112 0.5029 -0.6112
vn 0.2351 0.9592 -0.1571
vn 0.4287 0.8568 -0.2864
vn 0.5893 0.7055 -0.3937
vn 0.7187 0.5029 -0.4802
vn 0.2613 0.9592 -0.1082
vn 0.4763 0.8568 -0.1973
vn 0.6548 0.7055 -0.2712
vn 0.7985 0.5029 -0.3308
vn 0.2774 0.9592 -0.0552
vn 0.5057 0.8568 -0.1006
vn 0.6951 0.7055 -0.1382
vn 0.8477 0.5029 -0.1686
vn 0.2828 0.9592 0.0000
vn 0.5156 0.8568 0.0000
vn 0.7087 0.7055 0.0000
vn 0.8643 0.5029 0.0000
vn 0.2774 0.9592 0.0552
vn 0.5057 0.8568 0.1006
vn 0.6951 0.7055 0.1382
vn 0.8477 0.5029 0.1686
vn 0.2613 0.9592 0.1082
vn 0.4763 0.8568 0.1973
vn 0.6548 0.7055 0.2712
vn 0.7985 0.5029 0.3308
vn 0.2351 0.9592 0.1571
vn 0.4287 0.8568 0.2864
vn 0.5893 0.7055 0.3937
vn 0.7187 0.5029 0.4802
vn 0.2000 0.9592 0.2000
vn 0.3645 0.8568 0.3645
vn 0.5011 0.7055 0.5011
vn 0.6112 0.5029 0.6112
vn 0.1571 0.9592 0.2351
vn 0.2864 0.8568 0.4287
vn 0.3937 0.7055 0.5893
vn 0.4802 0.5029 0.7187
vn 0.1082 0.9592 0.2613
vn 0.1973 0.8568 0.4763
vn 0.2712 0.7055 0.6548
vn 0.3308 0.5029 0.7985
vn 0.0552 0.9592 0.2774
vn 0.1006 0.8568 0.5057
vn 0.1382 0.7055 0.6951
vn 0.1686 0.5029 0.8477
vn 0.0000 0.9592 0.2828
vn 0.0000 0.8568 0.5155
vn 0.0000 0.7055 0.7087
vn 0.0000 0.5029 0.8643
vn -0.0552 0.9592 0.2774
vn -0.1006 0.8568 0.5057
vn -0.1382 0.7055 0.6951
vn -0.1686 0.5029 0.8477
vn -0.1082 0.9592 0.2613
vn -0.1973 0.8568 0.4763
vn -0.2712 0.7055 0.6548
vn -0.3308 0.5029 0.7985
vn -0.1571 0.9592 0.2351
vn -0.2864 0.8568 0.4287
vn -0.3937 0.7055 0.5893
vn -0.4802 0.5029 0.7187
vn -0.2000 0.9592 0.2000
vn -0.3645 0.8568 0.3645
vn -0.5011 0.7055 0.5011
vn -0.6112 0.5029 0.6112
vn -0.2351 0.9592 0.1571
vn -0.4287 0.8568 0.2864
vn -0.5893 0.7055 0.3937
vn -0.7187 0.5029 0.4802
vn -0.2613 0.9592 0.1082
vn -0.4763 0.8568 0.1973
vn -0.6548 0.7055 0.2712
vn -0.7985 0.5029 0.3308
vn -0.2774 0.9592 0.0552
vn -0.5057 0.8568 0.1006
vn -0.6951 0.7055 0.1382
vn -0.8477 0.5029 0.1686
vn -0.2828 0.9592 0.0000
vn -0.5156 0.8568 0.0000
vn -0.7087 0.7055 0.0000
vn -0.8643 0.5029 0.0000
vn -0.2774 0.9592 -0.0552
vn -0.5057 0.8568 -0.1006
vn -0.6951 0.7055 -0.1382
vn -0.8477 0.5029 -0.1686
vn -0.2613 0.9592 -0.1082
vn -0.4763 0.8568 -0.1973
vn -0.6548 0.7055 -0.2712
vn -0.7985 0.5029 -0.3308
vn -0.2351 0.9592 -0.1571
vn -0.4287 0.8568 -0.2864
vn -0.5893 0.7055 -0.3937
vn -0.7187 0.5029 -0.4802
vn -0.2000 0.9592 -0.2000
vn -0.3645 0.8568 -0.3645
vn -0.5011 0.7055 -0.5011
vn -0.6112 0.5029 -0.6112
vn -0.1571 0.9592 -0.2351
vn -0.2864 0.8568 -0.4287
vn -0.3937 0.7055 -0.5893
vn -0.4802 0.5029 -0.7187
vn -0.1082 0.9592 -0.2613
vn -0.1973 0.8568 -0.4763
vn -0.2712 0.7055 -0.6548
vn -0.3308 0.5029 -0.7985
vn -0.0552 0.9592 -0.2774
vn -0.1006 0.8568 -0.5057
vn -0.1382 0.7055 -0.6951
vn -0.1686 0.5029 -0.8477
vn 0.0175 -0.9998 -0.0106
vn 0.0167 -0.9998 -0.0112
vn 0.0197 -0.9998 -0.0089
vn 0.0216 -0.9997 -0.0076
vn -0.0320 -0.9995 0.0018
vn -0.0250 -0.9997 0.0056
vn -0.0295 -0.9995 -0.0029
vn -0.0339 -0.9994 -0.0003
vn 0.0044 -0.9996 -0.0269
vn 0.0067 -0.9997 -0.0230
vn 0.0094 -0.9998 -0.0190
vn 0.0083 -0.9997 -0.0205
vn 0.0320 -0.9995 -0.0018
vn 0.0250 -0.9997 -0.0056
vn 0.0295 -0.9995 0.0029
vn 0.0339 -0.9994 0.0003
vn 0.0018 -0.9995 0.0320
vn 0.0056 -0.9997 0.0250
vn -0.0029 -0.9995 0.0295
vn -0.0003 -0.9994 0.0339
vn -0.0018 -0.9995 -0.0320
vn -0.0056 -0.9997 -0.0250
vn 0.0029 -0.9995 -0.0295
vn 0.0003 -0.9994 -0.0339
vn 0.0076 -0.9997 0.0216
vn 0.0089 -0.9998 0.0197
vn 0.0117 -0.9998 -0.0161
vn 0.0112 -0.9998 -0.0167
vn 0.4086 -0.3348 -0.8491
vn 0.5828 -0.3547 -0.7311
vn 0.5770 -0.3543 -0.7359
vn 0.3891 -0.3316 -0.8594
vn 0.0142 -0.9998 -0.0135
vn 0.9650 -0.2572 -0.0503
vn 0.9650 -0.2572 0.0503
vn 0.9667 -0.2533 0.0357
vn 0.9667 -0.2533 -0.0357
vn 0.0503 -0.2572 0.9650
vn -0.0503 -0.2572 0.9650
vn -0.0357 -0.2532 0.9667
vn 0.0357 -0.2533 0.9667
vn 0.0106 -0.9998 0.0175
vn 0.0112 -0.9998 0.0167
vn 0.0135 -0.9998 0.0142
vn 0.0167 -0.9998 0.0112
vn 0.0161 -0.9998 0.0117
vn 0.0205 -0.9997 0.0083
vn 0.0190 -0.9998 0.0094
vn 0.0269 -0.9996 0.0044
vn 0.0230 -0.9997 0.0067
vn 0.1770 -0.2889 0.9408
vn 0.3896 -0.3317 0.8591
vn 0.4088 -0.3348 0.8490
vn 0.2102 -0.2965 0.9316
vn -0.0067 -0.9997 0.0230
vn -0.0044 -0.9996 0.0269
vn -0.0175 -0.9998 0.0106
vn -0.0167 -0.9998 0.0112
vn -0.0197 -0.9998 0.0089
vn -0.0216 -0.9997 0.0076
vn -0.0142 -0.9998 0.0135
vn -0.0112 -0.9998 0.0167
vn -0.0117 -0.9998 0.0161
vn -0.0083 -0.9997 0.0205
vn -0.0094 -0.9998 0.0190
vn -0.9408 -0.2889 0.1770
vn -0.8591 -0.3317 0.3896
vn -0.8490 -0.3348 0.4088
vn -0.9316 -0.2965 0.2102
vn -0.0230 -0.9997 -0.0067
vn -0.0269 -0.9996 -0.0044
vn -0.0106 -0.9998 -0.0175
vn -0.0112 -0.9998 -0.0167
vn -0.0089 -0.9998 -0.0197
vn -0.0076 -0.9997 -0.0216
vn -0.0135 -0.9998 -0.0142
vn -0.0167 -0.9998 -0.0112
vn -0.0161 -0.9998 -0.0117
vn -0.0205 -0.9997 -0.0083
vn -0.0190 -0.9998 -0.0094
vn -0.9650 -0.2572 0.0503
vn -0.9650 -0.2572 -0.0503
vn -0.9667 -0.2533 -0.0357
vn -0.9667 -0.2533 0.0357
vn 0.0000 -0.4352 0.9003
vn 0.0000 -0.2368 0.9715
vn 0.1895 -0.2368 0.9529
vn 0.1757 -0.4351 0.8830
vn -0.3718 -0.2368 0.8976
vn -0.3446 -0.4351 0.8318
vn -0.5002 -0.4350 0.7486
vn -0.5398 -0.2368 0.8078
vn -0.6367 -0.4350 0.6367
vn -0.6870 -0.2368 0.6870
vn -0.7486 -0.4350 0.5002
vn -0.8078 -0.2368 0.5398
vn -0.8318 -0.4351 0.3446
vn -0.8976 -0.2368 0.3718
vn -0.8830 -0.4351 0.1757
vn -0.9529 -0.2368 0.1895
vn -0.9003 -0.4352 0.0000
vn -0.9715 -0.2368 0.0000
vn -0.8831 -0.4351 -0.1757
vn -0.9529 -0.2368 -0.1895
vn -0.8318 -0.4351 -0.3446
vn -0.8976 -0.2368 -0.3718
vn -0.7486 -0.4350 -0.5002
vn -0.8078 -0.2368 -0.5398
vn -0.6367 -0.4350 -0.6367
vn -0.6870 -0.2368 -0.6870
vn -0.5002 -0.4350 -0.7486
vn -0.5398 -0.2368 -0.8078
vn -0.3446 -0.4351 -0.8318
vn -0.3718 -0.2368 -0.8976
vn -0.1757 -0.4351 -0.8830
vn -0.1895 -0.2368 -0.9529
vn 0.0000 -0.4352 -0.9003
vn 0.0000 -0.2368 -0.9715
vn 0.1757 -0.4351 -0.8831
vn 0.1895 -0.2368 -0.9529
vn 0.3446 -0.4351 -0.8318
vn 0.3718 -0.2368 -0.8976
vn 0.5002 -0.4350 -0.7486
vn 0.5398 -0.2368 -0.8078
vn 0.6367 -0.4350 -0.6367
vn 0.6870 -0.2368 -0.6870
vn 0.7486 -0.4350 -0.5002
vn 0.8078 -0.2368 -0.5398
vn 0.8318 -0.4351 -0.3446
vn 0.8976 -0.2368 -0.3718
vn 0.8830 -0.4351 -0.1757
vn 0.9529 -0.2368 -0.1895
vn 0.9003 -0.4352 0.0000
vn 0.9715 -0.2368 0.0000
vn 0.8831 -0.4351 0.1757
vn 0.9529 -0.2368 0.1895
vn 0.8318 -0.4351 0.3446
vn 0.8976 -0.2368 0.3718
vn 0.7486 -0.4350 0.5002
vn 0.8078 -0.2368 0.5398
vn 0.6367 -0.4350 0.6367
vn 0.6870 -0.2368 0.6870
vn 0.5002 -0.4350 0.7486
vn 0.5398 -0.2368 0.8078
vn 0.3446 -0.4351 0.8318
vn 0.3718 -0.2368 0.8976
vn -0.1757 -0.4351 0.8831
vn -0.1895 -0.2368 0.9529
vn 0.2100 -0.2965 -0.9316
vn 0.1768 -0.2889 -0.9409
vn 0.7309 -0.3547 -0.5830
vn 0.7355 -0.3544 -0.5774
vn 0.8490 -0.3348 -0.4088
vn 0.8591 -0.3317 -0.3896
vn 0.9316 -0.2965 -0.2102
vn 0.9408 -0.2889 -0.1770
vn 0.0503 -0.2572 -0.9650
vn 0.0357 -0.2532 -0.9667
vn 0.9409 -0.2889 0.1768
vn 0.9316 -0.2965 0.2100
vn 0.8594 -0.3316 0.3891
vn 0.8491 -0.3348 0.4086
vn 0.7359 -0.3543 0.5770
vn 0.7311 -0.3547 0.5828
vn 0.5774 -0.3544 0.7355
vn 0.5830 -0.3547 0.7309
vn -0.1768 -0.2889 0.9409
vn -0.2100 -0.2965 0.9316
vn -0.3891 -0.3316 0.8594
vn -0.4086 -0.3348 0.8491
vn -0.5770 -0.3543 0.7359
vn -0.5828 -0.3547 0.7311
vn -0.7355 -0.3544 0.5774
vn -0.7309 -0.3547 0.5830
vn -0.1770 -0.2889 -0.9408
vn -0.3896 -0.3317 -0.8591
vn -0.4088 -0.3348 -0.8490
vn -0.2102 -0.2965 -0.9316
vn -0.9409 -0.2889 -0.1768
vn -0.9316 -0.2965 -0.2100
vn -0.8594 -0.3316 -0.3891
vn -0.8491 -0.3348 -0.4086
vn -0.7359 -0.3543 -0.5770
vn -0.7311 -0.3547 -0.5828
vn -0.5774 -0.3544 -0.7355
vn -0.5830 -0.3547 -0.7309
vn -0.0357 -0.2533 -0.9667
vn -0.0503 -0.2572 -0.9650
vn -0.0179 -0.9957 0.0903
vn 0.0000 -1.0000 0.0000
vn 0.0000 -0.9957 0.0920
vn -0.0352 -0.9957 0.0850
vn -0.0511 -0.9957 0.0765
vn -0.0651 -0.9957 0.0651
vn -0.0765 -0.9957 0.0511
vn -0.0851 -0.9957 0.0352
vn -0.0903 -0.9957 0.0179
vn -0.0920 -0.9957 0.0000
vn -0.0903 -0.9957 -0.0179
vn -0.0851 -0.9957 -0.0352
vn -0.0765 -0.9957 -0.0511
vn -0.0651 -0.9957 -0.0651
vn -0.0511 -0.9957 -0.0765
vn -0.0352 -0.9957 -0.0851
vn -0.0179 -0.9957 -0.0903
vn 0.0000 -0.9957 -0.0920
vn 0.0179 -0.9957 -0.0903
vn 0.0352 -0.9957 -0.0850
vn 0.0511 -0.9957 -0.0765
vn 0.0651 -0.9957 -0.0651
vn 0.0765 -0.9957 -0.0511
vn 0.0851 -0.9957 -0.0352
vn 0.0903 -0.9957 -0.0179
vn 0.0920 -0.9957 0.0000
vn 0.0903 -0.9957 0.0179
vn 0.0851 -0.9957 0.0352
vn 0.0765 -0.9957 0.0511
vn 0.0651 -0.9957 0.0651
vn 0.0511 -0.9957 0.0765
vn 0.0352 -0.9957 0.0851
vn 0.0179 -0.9957 0.0903
vn -0.0100 0.9632 0.2686
vn -0.0197 0.9175 0.3972
vn -0.0737 0.9346 0.3480
vn -0.0451 0.9677 0.2479
vn -0.0300 0.7807 0.6242
vn -0.1185 0.8211 0.5583
vn -0.0392 0.6137 0.7886
vn -0.1594 0.6643 0.7303
vn -0.0447 0.4555 0.8891
vn -0.1859 0.4949 0.8488
vn -0.0577 0.3854 0.9209
vn -0.2032 0.4103 0.8890
vn -0.1288 0.9520 0.2777
vn -0.0857 0.9756 0.2023
vn -0.2155 0.8612 0.4603
vn -0.3001 0.7147 0.6318
vn -0.3623 0.5373 0.7615
vn -0.3881 0.4410 0.8092
vn -0.1721 0.9603 0.2194
vn -0.1172 0.9807 0.1567
vn -0.2931 0.8807 0.3721
vn -0.4177 0.7403 0.5267
vn -0.5145 0.5613 0.6482
vn -0.5526 0.4610 0.6943
vn -0.2152 0.9611 0.1728
vn -0.1509 0.9812 0.1203
vn -0.3671 0.8825 0.2938
vn -0.5235 0.7424 0.4181
vn -0.6463 0.5629 0.5151
vn -0.6936 0.4620 0.5526
vn -0.2671 0.9551 0.1283
vn -0.1909 0.9778 0.0864
vn -0.4488 0.8674 0.2148
vn -0.6245 0.7213 0.2994
vn -0.7582 0.5420 0.3624
vn -0.8081 0.4436 0.3876
vn -0.3329 0.9399 0.0754
vn -0.2381 0.9700 0.0483
vn -0.5422 0.8316 0.1205
vn -0.7204 0.6748 0.1604
vn -0.8451 0.5011 0.1863
vn -0.8881 0.4131 0.2016
vn -0.3919 0.9197 0.0225
vn -0.2658 0.9639 0.0123
vn -0.6176 0.7858 0.0327
vn -0.7842 0.6191 0.0409
vn -0.8874 0.4587 0.0452
vn -0.9204 0.3869 0.0562
vn -0.0483 0.9700 -0.2381
vn -0.0754 0.9399 -0.3329
vn -0.0225 0.9197 -0.3919
vn -0.0123 0.9639 -0.2658
vn -0.1205 0.8316 -0.5421
vn -0.0327 0.7858 -0.6176
vn -0.1604 0.6748 -0.7204
vn -0.0409 0.6191 -0.7842
vn -0.1862 0.5011 -0.8451
vn -0.0452 0.4586 -0.8875
vn -0.2016 0.4131 -0.8881
vn -0.0562 0.3869 -0.9204
vn -0.0864 0.9778 -0.1909
vn -0.1283 0.9551 -0.2671
vn -0.2148 0.8674 -0.4488
vn -0.2994 0.7213 -0.6245
vn -0.3624 0.5420 -0.7582
vn -0.3876 0.4436 -0.8081
vn -0.1203 0.9812 -0.1509
vn -0.1728 0.9611 -0.2152
vn -0.2938 0.8825 -0.3671
vn -0.4181 0.7424 -0.5235
vn -0.5151 0.5629 -0.6463
vn -0.5526 0.4620 -0.6936
vn -0.1567 0.9807 -0.1171
vn -0.2194 0.9603 -0.1721
vn -0.3721 0.8807 -0.2931
vn -0.5267 0.7403 -0.4177
vn -0.6482 0.5613 -0.5145
vn -0.6943 0.4611 -0.5526
vn -0.2022 0.9756 -0.0857
vn -0.2777 0.9520 -0.1288
vn -0.4603 0.8612 -0.2155
vn -0.6318 0.7147 -0.3001
vn -0.7615 0.5373 -0.3623
vn -0.8092 0.4411 -0.3881
vn -0.2479 0.9677 -0.0451
vn -0.3480 0.9346 -0.0737
vn -0.5583 0.8211 -0.1185
vn -0.7303 0.6643 -0.1594
vn -0.8488 0.4949 -0.1859
vn -0.8890 0.4103 -0.2032
vn -0.2686 0.9632 -0.0100
vn -0.3971 0.9175 -0.0197
vn -0.6242 0.7807 -0.0300
vn -0.7885 0.6137 -0.0392
vn -0.8891 0.4555 -0.0447
vn -0.9209 0.3855 -0.0577
vn 0.2381 0.9700 -0.0483
vn 0.3329 0.9399 -0.0754
vn 0.3919 0.9197 -0.0225
vn 0.2658 0.9639 -0.0123
vn 0.5422 0.8316 -0.1205
vn 0.6176 0.7858 -0.0327
vn 0.7204 0.6748 -0.1604
vn 0.7842 0.6191 -0.0409
vn 0.8451 0.5011 -0.1863
vn 0.8874 0.4587 -0.0452
vn 0.8881 0.4131 -0.2016
vn 0.9204 0.3869 -0.0562
vn 0.1909 0.9778 -0.0864
vn 0.2671 0.9551 -0.1283
vn 0.4488 0.8674 -0.2148
vn 0.6245 0.7213 -0.2994
vn 0.7582 0.5420 -0.3624
vn 0.8081 0.4436 -0.3876
vn 0.1509 0.9812 -0.1203
vn 0.2151 0.9611 -0.1728
vn 0.3671 0.8825 -0.2938
vn 0.5235 0.7424 -0.4181
vn 0.6463 0.5629 -0.5151
vn 0.6936 0.4620 -0.5526
vn 0.1172 0.9807 -0.1567
vn 0.1721 0.9603 -0.2194
vn 0.2931 0.8807 -0.3720
vn 0.4178 0.7402 -0.5268
vn 0.5145 0.5613 -0.6482
vn 0.5526 0.4610 -0.6943
vn 0.0857 0.9756 -0.2023
vn 0.1288 0.9520 -0.2777
vn 0.2155 0.8612 -0.4602
vn 0.3001 0.7146 -0.6318
vn 0.3623 0.5373 -0.7615
vn 0.3881 0.4410 -0.8092
vn 0.0451 0.9677 -0.2479
vn 0.0737 0.9346 -0.3480
vn 0.1185 0.8211 -0.5583
vn 0.1594 0.6643 -0.7303
vn 0.1859 0.4949 -0.8488
vn 0.2032 0.4102 -0.8890
vn 0.0100 0.9632 -0.2686
vn 0.0197 0.9175 -0.3972
vn 0.0300 0.7807 -0.6242
vn 0.0392 0.6137 -0.7886
vn 0.0447 0.4555 -0.8891
vn 0.0577 0.3854 -0.9209
vn 0.0483 0.9700 0.2381
vn 0.0754 0.9399 0.3329
vn 0.0225 0.9197 0.3919
vn 0.0123 0.9639 0.2658
vn 0.1205 0.8316 0.5421
vn 0.0327 0.7858 0.6176
vn 0.1604 0.6748 0.7204
vn 0.0409 0.6191 0.7842
vn 0.1862 0.5011 0.8451
vn 0.0452 0.4586 0.8875
vn 0.2016 0.4131 0.8881
vn 0.0562 0.3869 0.9204
vn 0.0864 0.9778 0.1909
vn 0.1283 0.9550 0.2671
vn 0.2148 0.8674 0.4488
vn 0.2994 0.7213 0.6245
vn 0.3624 0.5420 0.7582
vn 0.3876 0.4436 0.8081
vn 0.1203 0.9812 0.1509
vn 0.1728 0.9611 0.2152
vn 0.2938 0.8825 0.3671
vn 0.4181 0.7424 0.5235
vn 0.5151 0.5629 0.6463
vn 0.5526 0.4620 0.6936
vn 0.1567 0.9807 0.1171
vn 0.2194 0.9603 0.1721
vn 0.3721 0.8807 0.2931
vn 0.5267 0.7403 0.4177
vn 0.6482 0.5613 0.5145
vn 0.6943 0.4611 0.5526
vn 0.2022 0.9756 0.0857
vn 0.2777 0.9520 0.1288
vn 0.4603 0.8612 0.2155
vn 0.6318 0.7147 0.3001
vn 0.7615 0.5373 0.3623
vn 0.8092 0.4411 0.3881
vn 0.2479 0.9677 0.0451
vn 0.3480 0.9346 0.0737
vn 0.5583 0.8211 0.1185
vn 0.7303 0.6643 0.1594
vn 0.8488 0.4949 0.1859
vn 0.8890 0.4103 0.2032
vn 0.2686 0.9632 0.0100
vn 0.3971 0.9175 0.0197
vn 0.6242 0.7807 0.0300
vn 0.7885 0.6137 0.0392
vn 0.8891 0.4555 0.0447
vn 0.9209 0.3855 0.0577
vn -0.1553 -0.6053 0.7807
vn -0.3046 -0.6052 0.7355
vn -0.4423 -0.6051 0.6619
vn -0.5629 -0.6051 0.5629
vn -0.6619 -0.6051 0.4423
vn -0.7355 -0.6052 0.3046
vn -0.7807 -0.6053 0.1553
vn -0.7959 -0.6054 0.0000
vn -0.7807 -0.6053 -0.1553
vn -0.7355 -0.6052 -0.3046
vn -0.6619 -0.6051 -0.4423
vn -0.5629 -0.6051 -0.5629
vn -0.4423 -0.6051 -0.6619
vn -0.3046 -0.6052 -0.7355
vn -0.1553 -0.6053 -0.7807
vn 0.0000 -0.6054 -0.7959
vn 0.1553 -0.6053 -0.7807
vn 0.3046 -0.6052 -0.7355
vn 0.4423 -0.6051 -0.6619
vn 0.5629 -0.6051 -0.5629
vn 0.6619 -0.6051 -0.4423
vn 0.7355 -0.6052 -0.3046
vn 0.7807 -0.6053 -0.1553
vn 0.7959 -0.6054 0.0000
vn 0.7807 -0.6053 0.1553
vn 0.7355 -0.6052 0.3046
vn 0.6619 -0.6051 0.4423
vn 0.5629 -0.6051 0.5629
vn 0.4423 -0.6051 0.6619
vn 0.3046 -0.6052 0.7355
vn 0.1553 -0.6053 0.7807
vn 0.0000 -0.6054 0.7959
usemtl Orange
s 1
f 1207/1/1 1208/2/2 301/3/3 307/4/4
f 72/5/5 1194/6/6 392/7/7 433/8/8
f 82/9/9 1204/10/10 325/11/11 331/12/12
f 88/13/13 1210/14/14 344/15/15 289/16/16
f 1217/17/17 1186/18/18 440/19/19 337/20/20
f 80/21/21 1202/22/22 296/23/23 385/24/24
f 1216/25/25 1217/17/17 337/20/20 350/26/26
f 1204/10/10 1205/27/27 319/28/28 325/11/11
f 1124/29/29 326/30/30 320/31/31 1125/32/32
f 1205/27/27 1206/33/33 313/34/34 319/35/28
f 1206/33/33 1207/1/1 307/4/4 313/34/34
f 1129/36/35 290/37/36 343/38/37 1137/39/38
f 1130/40/39 338/41/40 439/42/41 1145/43/42
f 1215/44/43 1216/25/25 350/26/26 356/45/44
f 1214/46/45 1215/44/43 356/45/44 362/47/46
f 1213/48/47 1214/46/45 362/47/46 368/49/48
f 1212/50/49 1213/48/47 368/49/48 374/51/50
f 90/52/51 1212/50/49 374/51/50 380/53/52
f 349/54/53 1131/55/54 1132/56/55 355/57/56
f 1186/58/18 1187/59/57 476/60/58 440/61/19
f 1191/62/59 1192/63/60 446/64/61 452/65/62
f 1190/66/63 1191/62/59 452/65/62 458/67/64
f 1189/68/65 1190/66/63 458/67/64 464/69/66
f 1188/70/67 1189/68/65 464/69/66 470/71/68
f 1187/59/57 1188/70/67 470/71/68 476/60/58
f 445/72/69 1139/73/70 1140/74/71 451/75/72
f 1194/6/6 1195/76/73 428/77/74 392/7/7
f 1199/78/75 1200/79/76 398/80/77 404/81/78
f 1198/82/79 1199/78/75 404/81/78 410/83/80
f 1197/84/81 1198/82/79 410/83/80 416/85/82
f 1196/86/83 1197/84/81 416/85/82 422/87/84
f 1195/76/73 1196/86/83 422/87/84 428/77/74
f 1138/88/85 434/89/86 391/90/87 1153/91/88
f 706/92/89 284/93/90 98/94/91 705/95/92
f 708/96/93 110/97/94 116/98/95 709/99/96
f 709/99/96 116/98/95 122/100/97 710/101/98
f 710/101/98 122/100/97 128/102/99 711/103/100
f 711/103/100 128/102/99 134/104/101 712/105/102
f 712/105/102 134/104/101 140/106/103 713/107/104
f 713/107/104 140/106/103 146/108/105 714/109/106
f 714/109/106 146/108/105 152/110/107 715/111/108
f 715/111/108 152/112/107 158/113/109 716/114/110
f 716/114/110 158/113/109 164/115/111 717/116/112
f 717/116/112 164/115/111 170/117/113 718/118/114
f 718/118/114 170/117/113 176/119/115 719/120/116
f 719/120/116 176/119/115 182/121/117 720/122/118
f 720/122/118 182/121/117 188/123/119 721/124/120
f 721/124/120 188/123/119 194/125/121 722/126/122
f 722/126/122 194/125/121 200/127/123 723/128/124
f 723/128/124 200/127/123 206/129/125 724/130/126
f 724/130/126 206/129/125 212/131/127 725/132/128
f 725/132/128 212/131/127 218/133/129 726/134/130
f 726/134/130 218/133/129 224/135/131 727/136/132
f 727/136/132 224/135/131 230/137/133 728/138/134
f 728/138/134 230/137/133 236/139/135 729/140/136
f 729/140/136 236/139/135 242/141/137 730/142/138
f 730/142/138 242/141/137 248/143/139 731/144/140
f 731/144/140 248/143/139 254/145/141 732/146/142
f 732/146/142 254/145/141 260/147/143 733/148/144
f 733/148/144 260/147/143 266/149/145 734/150/146
f 734/150/146 266/149/145 272/151/147 735/152/148
f 735/152/148 272/151/147 278/153/149 736/154/150
f 736/154/150 278/153/149 284/93/90 706/92/89
f 705/155/92 98/156/91 104/157/151 707/158/152
f 707/158/152 104/157/151 110/97/94 708/96/93
f 512/159/153 518/160/154 71/161/155 70/162/156
f 632/163/157 638/164/158 91/165/159 1211/166/160
f 566/167/161 572/168/162 1201/169/163 79/170/164
f 620/171/165 626/172/166 89/173/167 1209/174/168
f 668/175/169 481/176/170 65/177/171 96/178/172
f 1154/179/173 1155/180/173 487/181/174 482/182/175
f 542/183/176 548/184/177 76/185/178 75/186/179
f 596/187/180 602/188/181 85/189/182 84/190/183
f 650/191/184 656/192/185 94/193/186 93/194/187
f 518/160/154 524/195/188 1193/196/189 71/161/155
f 572/168/162 578/197/190 81/198/191 1201/169/163
f 1178/199/173 1179/200/173 631/201/192 625/202/193
f 494/203/194 500/204/195 68/205/196 67/206/197
f 548/184/177 554/207/198 77/208/199 76/185/178
f 602/188/181 608/209/200 86/210/201 85/189/182
f 656/192/185 662/211/202 95/212/203 94/193/186
f 524/195/188 530/213/204 73/214/205 1193/196/189
f 578/197/190 584/215/206 1203/216/207 81/198/191
f 626/172/166 632/163/157 1211/166/160 89/173/167
f 500/204/195 506/217/208 69/218/209 68/205/196
f 554/207/198 560/219/210 78/220/211 77/208/199
f 608/209/200 614/221/212 87/222/213 86/210/201
f 662/211/202 668/175/169 96/178/172 95/212/203
f 530/213/204 536/223/214 74/224/215 73/214/205
f 584/215/206 590/225/216 83/226/217 1203/216/207
f 638/164/158 644/227/218 92/228/219 91/165/159
f 506/217/208 512/159/153 70/162/156 69/218/209
f 560/219/210 566/167/161 79/170/164 78/220/211
f 614/221/212 620/171/165 1209/174/168 87/222/213
f 536/223/214 542/183/176 75/186/179 74/224/215
f 590/225/216 596/187/180 84/190/183 83/226/217
f 644/227/218 650/191/184 93/194/187 92/228/219
f 1122/229/220 332/230/221 326/30/30 1124/29/29
f 1165/231/173 1166/232/173 553/233/222 547/234/223
f 1179/200/173 1180/235/173 637/236/224 631/201/192
f 1166/232/173 1167/237/173 559/238/225 553/233/222
f 1180/235/173 1181/239/173 643/240/226 637/236/224
f 1167/237/173 1168/241/173 565/242/227 559/238/225
f 1185/243/173 1154/244/173 482/245/175 667/246/228
f 1181/239/173 1182/247/173 649/248/229 643/240/226
f 1168/241/173 1169/249/173 571/250/230 565/242/227
f 1155/180/173 1156/251/173 493/252/231 487/181/174
f 1182/247/173 1183/253/173 655/254/232 649/248/229
f 1169/249/173 1170/255/173 577/256/233 571/250/230
f 1156/251/173 1157/257/173 499/258/234 493/252/231
f 1183/253/173 1184/259/173 661/260/235 655/254/232
f 1170/255/173 1171/261/173 583/262/236 577/256/233
f 1157/257/173 1158/263/173 505/264/237 499/265/234
f 1184/259/173 1185/243/173 667/246/228 661/260/235
f 1171/261/173 1172/266/173 589/267/238 583/262/236
f 1158/263/173 1159/268/173 511/269/239 505/264/237
f 488/270/240 494/203/194 67/206/197 66/271/241
f 1172/266/173 1173/272/173 595/273/242 589/267/238
f 1159/268/173 1160/274/173 517/275/243 511/269/239
f 1173/272/173 1174/276/173 601/277/244 595/278/242
f 1160/274/173 1161/279/173 523/280/245 517/275/243
f 1174/276/173 1175/281/173 607/282/246 601/277/244
f 1161/279/173 1162/283/173 529/284/247 523/280/245
f 1175/281/173 1176/285/173 613/286/248 607/282/246
f 1162/283/173 1163/287/173 535/288/249 529/284/247
f 1176/285/173 1177/289/173 619/290/250 613/286/248
f 1163/287/173 1164/291/173 541/292/251 535/288/249
f 1177/289/173 1178/199/173 625/202/193 619/290/250
f 1164/291/173 1165/231/173 547/293/223 541/292/251
f 1125/294/32 320/295/31 314/296/252 1126/297/253
f 1126/297/253 314/296/252 308/298/254 1127/299/255
f 1127/299/255 308/298/254 302/300/256 1128/301/257
f 1128/301/257 302/300/256 290/37/36 1129/36/35
f 1123/302/258 295/303/259 332/230/221 1122/229/220
f 379/304/260 1136/305/261 1137/39/38 343/38/37
f 1200/79/76 80/21/21 385/24/24 398/80/77
f 373/306/262 1135/307/263 1136/305/261 379/304/260
f 367/308/264 1134/309/265 1135/307/263 373/306/262
f 361/310/266 1133/311/267 1134/309/265 367/308/264
f 355/57/56 1132/56/55 1133/311/267 361/310/266
f 338/41/40 1130/40/39 1131/55/54 349/54/53
f 1210/14/14 90/52/51 380/53/52 344/15/15
f 475/312/268 1144/313/269 1145/43/42 439/42/41
f 481/314/170 488/270/240 66/271/241 65/315/171
f 469/316/270 1143/317/271 1144/313/269 475/312/268
f 463/318/272 1142/319/273 1143/317/271 469/316/270
f 457/320/274 1141/321/275 1142/319/273 463/318/272
f 451/75/72 1140/74/71 1141/321/275 457/320/274
f 434/89/86 1138/88/85 1139/73/70 445/72/69
f 397/322/276 1147/323/277 1148/324/278 403/325/279
f 427/326/280 1152/327/281 1153/91/88 391/90/87
f 1192/63/60 72/5/5 433/8/8 446/64/61
f 421/328/282 1151/329/283 1152/327/281 427/326/280
f 415/330/284 1150/331/285 1151/329/283 421/328/282
f 409/332/286 1149/333/287 1150/331/285 415/330/284
f 403/325/279 1148/324/278 1149/333/287 409/332/286
f 386/334/288 1146/335/289 1147/323/277 397/322/276
f 1202/22/22 82/9/9 331/12/12 296/23/23
f 1146/335/289 386/334/288 295/303/259 1123/302/258
f 104/157/151 98/156/91 102/336/290 108/337/291
f 108/337/291 102/336/290 101/338/292 107/339/293
f 107/339/293 101/338/292 100/340/294 106/341/295
f 106/342/295 100/343/294 99/344/296 105/345/297
f 105/345/297 99/344/296 97/346/298 103/347/299
f 110/97/94 104/157/151 108/348/291 114/349/300
f 114/349/300 108/348/291 107/350/293 113/351/301
f 113/351/301 107/350/293 106/352/295 112/353/302
f 112/354/302 106/342/295 105/345/297 111/355/303
f 111/355/303 105/345/297 103/347/299 109/356/304
f 116/98/95 110/97/94 114/357/300 120/358/305
f 120/358/305 114/357/300 113/359/301 119/360/306
f 119/360/306 113/359/301 112/361/302 118/362/307
f 118/363/307 112/354/302 111/355/303 117/364/308
f 117/364/308 111/355/303 109/356/304 115/365/309
f 122/100/97 116/98/95 120/366/305 126/367/310
f 126/367/310 120/366/305 119/368/306 125/369/311
f 125/369/311 119/368/306 118/370/307 124/371/312
f 124/372/312 118/363/307 117/364/308 123/373/313
f 123/373/313 117/364/308 115/365/309 121/374/314
f 128/102/99 122/100/97 126/375/310 132/376/315
f 132/376/315 126/375/310 125/377/311 131/378/316
f 131/378/316 125/377/311 124/379/312 130/380/317
f 130/381/317 124/372/312 123/373/313 129/382/318
f 129/382/318 123/373/313 121/374/314 127/383/319
f 134/104/101 128/102/99 132/384/315 138/385/320
f 138/385/320 132/384/315 131/386/316 137/387/321
f 137/387/321 131/386/316 130/388/317 136/389/322
f 136/390/322 130/381/317 129/382/318 135/391/323
f 135/391/323 129/382/318 127/383/319 133/392/324
f 140/106/103 134/104/101 138/393/320 144/394/325
f 144/394/325 138/393/320 137/395/321 143/396/326
f 143/396/326 137/395/321 136/397/322 142/398/327
f 142/399/327 136/390/322 135/391/323 141/400/328
f 141/400/328 135/391/323 133/392/324 139/401/329
f 146/108/105 140/106/103 144/402/325 150/403/330
f 150/403/330 144/402/325 143/404/326 149/405/331
f 149/405/331 143/404/326 142/406/327 148/407/332
f 148/408/332 142/399/327 141/400/328 147/409/333
f 147/409/333 141/400/328 139/401/329 145/410/334
f 152/110/107 146/108/105 150/411/330 156/412/335
f 156/412/335 150/411/330 149/413/331 155/414/336
f 155/414/336 149/413/331 148/415/332 154/416/337
f 154/417/337 148/408/332 147/409/333 153/418/338
f 153/418/338 147/409/333 145/410/334 151/419/339
f 158/113/109 152/112/107 156/420/335 162/421/340
f 162/421/340 156/420/335 155/422/336 161/423/341
f 161/423/341 155/422/336 154/424/337 160/425/342
f 160/426/342 154/417/337 153/418/338 159/427/343
f 159/427/343 153/418/338 151/419/339 157/428/344
f 164/115/111 158/113/109 162/429/340 168/430/345
f 168/430/345 162/429/340 161/431/341 167/432/346
f 167/432/346 161/431/341 160/433/342 166/434/347
f 166/435/347 160/426/342 159/427/343 165/436/348
f 165/436/348 159/427/343 157/428/344 163/437/349
f 170/117/113 164/115/111 168/438/345 174/439/350
f 174/439/350 168/438/345 167/440/346 173/441/351
f 173/441/351 167/440/346 166/442/347 172/443/352
f 172/444/352 166/435/347 165/436/348 171/445/353
f 171/445/353 165/436/348 163/437/349 169/446/354
f 176/119/115 170/117/113 174/447/350 180/448/355
f 180/448/355 174/447/350 173/449/351 179/450/356
f 179/450/356 173/449/351 172/451/352 178/452/357
f 178/453/357 172/444/352 171/445/353 177/454/358
f 177/454/358 171/445/353 169/446/354 175/455/359
f 182/121/117 176/119/115 180/456/355 186/457/360
f 186/457/360 180/456/355 179/458/356 185/459/361
f 185/459/361 179/458/356 178/460/357 184/461/362
f 184/462/362 178/453/357 177/454/358 183/463/363
f 183/463/363 177/454/358 175/455/359 181/464/364
f 188/123/119 182/121/117 186/465/360 192/466/365
f 192/466/365 186/465/360 185/467/361 191/468/366
f 191/468/366 185/467/361 184/469/362 190/470/367
f 190/471/367 184/462/362 183/463/363 189/472/368
f 189/472/368 183/463/363 181/464/364 187/473/369
f 194/125/121 188/123/119 192/474/365 198/475/370
f 198/475/370 192/474/365 191/476/366 197/477/371
f 197/477/371 191/476/366 190/478/367 196/479/372
f 196/480/372 190/471/367 189/472/368 195/481/373
f 195/481/373 189/472/368 187/473/369 193/482/374
f 200/127/123 194/125/121 198/483/370 204/484/375
f 204/484/375 198/483/370 197/485/371 203/486/376
f 203/486/376 197/485/371 196/487/372 202/488/377
f 202/489/377 196/480/372 195/481/373 201/490/378
f 201/490/378 195/481/373 193/482/374 199/491/379
f 206/129/125 200/127/123 204/492/375 210/493/380
f 210/493/380 204/492/375 203/494/376 209/495/381
f 209/495/381 203/494/376 202/496/377 208/497/382
f 208/498/382 202/489/377 201/490/378 207/499/383
f 207/499/383 201/490/378 199/491/379 205/500/384
f 212/131/127 206/129/125 210/501/380 216/502/385
f 216/502/385 210/501/380 209/503/381 215/504/386
f 215/504/386 209/503/381 208/505/382 214/506/387
f 214/507/387 208/498/382 207/499/383 213/508/388
f 213/508/388 207/499/383 205/500/384 211/509/389
f 218/133/129 212/131/127 216/510/385 222/511/390
f 222/511/390 216/510/385 215/512/386 221/513/391
f 221/513/391 215/512/386 214/514/387 220/515/392
f 220/516/392 214/507/387 213/508/388 219/517/393
f 219/517/393 213/508/388 211/509/389 217/518/394
f 224/135/131 218/133/129 222/519/390 228/520/395
f 228/520/395 222/519/390 221/521/391 227/522/396
f 227/522/396 221/521/391 220/523/392 226/524/397
f 226/525/397 220/516/392 219/517/393 225/526/398
f 225/526/398 219/517/393 217/518/394 223/527/399
f 230/137/133 224/135/131 228/528/395 234/529/400
f 234/529/400 228/528/395 227/530/396 233/531/401
f 233/531/401 227/530/396 226/532/397 232/533/402
f 232/534/402 226/525/397 225/526/398 231/535/403
f 231/535/403 225/526/398 223/527/399 229/536/404
f 236/139/135 230/137/133 234/537/400 240/538/405
f 240/538/405 234/537/400 233/539/401 239/540/406
f 239/540/406 233/539/401 232/541/402 238/542/407
f 238/543/407 232/534/402 231/535/403 237/544/408
f 237/544/408 231/535/403 229/536/404 235/545/409
f 242/141/137 236/139/135 240/546/405 246/547/410
f 246/547/410 240/546/405 239/548/406 245/549/411
f 245/549/411 239/548/406 238/550/407 244/551/412
f 244/552/412 238/543/407 237/544/408 243/553/413
f 243/553/413 237/544/408 235/545/409 241/554/414
f 248/143/139 242/141/137 246/555/410 252/556/415
f 252/556/415 246/555/410 245/557/411 251/558/416
f 251/558/416 245/557/411 244/559/412 250/560/417
f 250/561/417 244/552/412 243/553/413 249/562/418
f 249/562/418 243/553/413 241/554/414 247/563/419
f 254/145/141 248/143/139 252/564/415 258/565/420
f 258/565/420 252/564/415 251/566/416 257/567/421
f 257/567/421 251/566/416 250/568/417 256/569/422
f 256/570/422 250/561/417 249/562/418 255/571/423
f 255/571/423 249/562/418 247/563/419 253/572/424
f 260/147/143 254/145/141 258/573/420 264/574/425
f 264/574/425 258/573/420 257/575/421 263/576/426
f 263/576/426 257/575/421 256/577/422 262/578/427
f 262/579/427 256/570/422 255/571/423 261/580/428
f 261/580/428 255/571/423 253/572/424 259/581/429
f 266/149/145 260/147/143 264/582/425 270/583/430
f 270/583/430 264/582/425 263/584/426 269/585/431
f 269/585/431 263/584/426 262/586/427 268/587/432
f 268/588/432 262/579/427 261/580/428 267/589/433
f 267/589/433 261/580/428 259/581/429 265/590/434
f 272/151/147 266/149/145 270/591/430 276/592/435
f 276/592/435 270/591/430 269/593/431 275/594/436
f 275/594/436 269/593/431 268/595/432 274/596/437
f 274/597/437 268/588/432 267/589/433 273/598/438
f 273/598/438 267/589/433 265/590/434 271/599/439
f 278/153/149 272/151/147 276/600/435 282/601/440
f 282/601/440 276/600/435 275/602/436 281/603/441
f 281/603/441 275/602/436 274/604/437 280/605/442
f 280/606/442 274/597/437 273/598/438 279/607/443
f 279/607/443 273/598/438 271/599/439 277/608/444
f 284/93/90 278/153/149 282/609/440 288/610/445
f 288/610/445 282/609/440 281/611/441 287/612/446
f 287/612/446 281/611/441 280/613/442 286/614/447
f 286/615/447 280/606/442 279/607/443 285/616/448
f 285/616/448 279/607/443 277/608/444 283/617/449
f 98/94/91 284/93/90 288/618/445 102/619/290
f 102/619/290 288/618/445 287/620/446 101/621/292
f 101/621/292 287/620/446 286/622/447 100/623/294
f 100/343/294 286/615/447 285/616/448 99/344/296
f 99/344/296 285/616/448 283/617/449 97/346/298
f 103/347/299 97/346/298 283/617/449 277/608/444 271/599/439 265/590/434 259/581/429 253/572/424 247/563/419 241/554/414 235/545/409 229/536/404 223/527/399 217/518/394 211/509/389 205/500/384 199/491/379 193/482/374 187/473/369 181/464/364 175/455/359 169/446/354 163/437/349 157/428/344 151/419/339 145/410/334 139/401/329 133/392/324 127/383/319 121/374/314 115/365/309 109/356/304
f 296/23/23 331/12/12 333/624/450 300/625/451
f 300/625/451 333/624/450 334/626/452 299/627/453
f 299/627/453 334/626/452 335/628/454 298/629/455
f 298/629/455 335/628/454 336/630/456 297/631/457
f 297/631/457 336/630/456 332/230/221 295/303/259
f 331/12/12 325/11/11 327/632/458 333/624/450
f 333/624/450 327/632/458 328/633/459 334/626/452
f 334/626/452 328/633/459 329/634/460 335/628/454
f 335/628/454 329/634/460 330/635/461 336/630/456
f 336/630/456 330/635/461 326/30/30 332/230/221
f 325/11/11 319/28/28 321/636/462 327/632/458
f 327/632/458 321/636/462 322/637/463 328/633/459
f 328/633/459 322/637/463 323/638/464 329/634/460
f 329/634/460 323/638/464 324/639/465 330/635/461
f 330/635/461 324/639/465 320/31/31 326/30/30
f 319/35/28 313/34/34 315/640/466 321/641/462
f 321/641/462 315/640/466 316/642/467 322/643/463
f 322/643/463 316/642/467 317/644/468 323/645/464
f 323/645/464 317/644/468 318/646/469 324/647/465
f 324/647/465 318/646/469 314/296/252 320/295/31
f 313/34/34 307/4/4 309/648/470 315/640/466
f 315/640/466 309/648/470 310/649/471 316/642/467
f 316/642/467 310/649/471 311/650/472 317/644/468
f 317/644/468 311/650/472 312/651/473 318/646/469
f 318/646/469 312/651/473 308/298/254 314/296/252
f 307/4/4 301/3/3 303/652/474 309/648/470
f 309/648/470 303/652/474 304/653/475 310/649/471
f 310/649/471 304/653/475 305/654/476 311/650/472
f 311/650/472 305/654/476 306/655/477 312/651/473
f 312/651/473 306/655/477 302/300/256 308/298/254
f 301/3/3 289/16/16 291/656/478 303/652/474
f 303/652/474 291/656/478 292/657/479 304/653/475
f 304/653/475 292/657/479 293/658/480 305/654/476
f 305/654/476 293/658/480 294/659/481 306/655/477
f 306/655/477 294/659/481 290/37/36 302/300/256
f 350/26/26 337/20/20 339/660/482 354/661/483
f 354/661/483 339/660/482 340/662/484 353/663/485
f 353/663/485 340/662/484 341/664/486 352/665/487
f 352/665/487 341/664/486 342/666/488 351/667/489
f 351/667/489 342/666/488 338/41/40 349/54/53
f 356/45/44 350/26/26 354/661/483 360/668/490
f 360/668/490 354/661/483 353/663/485 359/669/491
f 359/669/491 353/663/485 352/665/487 358/670/492
f 358/670/492 352/665/487 351/667/489 357/671/493
f 357/671/493 351/667/489 349/54/53 355/57/56
f 362/47/46 356/45/44 360/668/490 366/672/494
f 366/672/494 360/668/490 359/669/491 365/673/495
f 365/673/495 359/669/491 358/670/492 364/674/496
f 364/674/496 358/670/492 357/671/493 363/675/497
f 363/675/497 357/671/493 355/57/56 361/310/266
f 368/49/48 362/47/46 366/672/494 372/676/498
f 372/676/498 366/672/494 365/673/495 371/677/499
f 371/677/499 365/673/495 364/674/496 370/678/500
f 370/678/500 364/674/496 363/675/497 369/679/501
f 369/679/501 363/675/497 361/310/266 367/308/264
f 374/51/50 368/49/48 372/676/498 378/680/502
f 378/680/502 372/676/498 371/677/499 377/681/503
f 377/681/503 371/677/499 370/678/500 376/682/504
f 376/682/504 370/678/500 369/679/501 375/683/505
f 375/683/505 369/679/501 367/308/264 373/306/262
f 380/53/52 374/51/50 378/680/502 384/684/506
f 384/684/506 378/680/502 377/681/503 383/685/507
f 383/685/507 377/681/503 376/682/504 382/686/508
f 382/686/508 376/682/504 375/683/505 381/687/509
f 381/687/509 375/683/505 373/306/262 379/304/260
f 344/15/15 380/53/52 384/684/506 348/688/510
f 348/688/510 384/684/506 383/685/507 347/689/511
f 347/689/511 383/685/507 382/686/508 346/690/512
f 346/690/512 382/686/508 381/687/509 345/691/513
f 345/691/513 381/687/509 379/304/260 343/38/37
f 446/64/61 433/8/8 435/692/514 450/693/515
f 450/693/515 435/692/514 436/694/516 449/695/517
f 449/695/517 436/694/516 437/696/518 448/697/519
f 448/697/519 437/696/518 438/698/520 447/699/521
f 447/699/521 438/698/520 434/89/86 445/72/69
f 452/65/62 446/64/61 450/693/515 456/700/522
f 456/700/522 450/693/515 449/695/517 455/701/523
f 455/701/523 449/695/517 448/697/519 454/702/524
f 454/702/524 448/697/519 447/699/521 453/703/525
f 453/703/525 447/699/521 445/72/69 451/75/72
f 458/67/64 452/65/62 456/700/522 462/704/526
f 462/704/526 456/700/522 455/701/523 461/705/527
f 461/705/527 455/701/523 454/702/524 460/706/528
f 460/706/528 454/702/524 453/703/525 459/707/529
f 459/707/529 453/703/525 451/75/72 457/320/274
f 464/69/66 458/67/64 462/704/526 468/708/530
f 468/708/530 462/704/526 461/705/527 467/709/531
f 467/709/531 461/705/527 460/706/528 466/710/532
f 466/710/532 460/706/528 459/707/529 465/711/533
f 465/711/533 459/707/529 457/320/274 463/318/272
f 470/71/68 464/69/66 468/708/530 474/712/534
f 474/712/534 468/708/530 467/709/531 473/713/535
f 473/713/535 467/709/531 466/710/532 472/714/536
f 472/714/536 466/710/532 465/711/533 471/715/537
f 471/715/537 465/711/533 463/318/272 469/316/270
f 476/60/58 470/71/68 474/712/534 480/716/538
f 480/716/538 474/712/534 473/713/535 479/717/539
f 479/717/539 473/713/535 472/714/536 478/718/540
f 478/718/540 472/714/536 471/715/537 477/719/541
f 477/719/541 471/715/537 469/316/270 475/312/268
f 440/61/19 476/60/58 480/716/538 444/720/542
f 444/720/542 480/716/538 479/717/539 443/721/543
f 443/721/543 479/717/539 478/718/540 442/722/544
f 442/722/544 478/718/540 477/719/541 441/723/545
f 441/723/545 477/719/541 475/312/268 439/42/41
f 398/80/77 385/24/24 387/724/546 402/725/547
f 402/725/547 387/724/546 388/726/548 401/727/549
f 401/727/549 388/726/548 389/728/550 400/729/551
f 400/729/551 389/728/550 390/730/552 399/731/553
f 399/731/553 390/730/552 386/334/288 397/322/276
f 404/81/78 398/80/77 402/725/547 408/732/554
f 408/732/554 402/725/547 401/727/549 407/733/555
f 407/733/555 401/727/549 400/729/551 406/734/556
f 406/734/556 400/729/551 399/731/553 405/735/557
f 405/735/557 399/731/553 397/322/276 403/325/279
f 410/83/80 404/81/78 408/732/554 414/736/558
f 414/736/558 408/732/554 407/733/555 413/737/559
f 413/737/559 407/733/555 406/734/556 412/738/560
f 412/738/560 406/734/556 405/735/557 411/739/561
f 411/739/561 405/735/557 403/325/279 409/332/286
f 416/85/82 410/83/80 414/736/558 420/740/562
f 420/740/562 414/736/558 413/737/559 419/741/563
f 419/741/563 413/737/559 412/738/560 418/742/564
f 418/742/564 412/738/560 411/739/561 417/743/565
f 417/743/565 411/739/561 409/332/286 415/330/284
f 422/87/84 416/85/82 420/740/562 426/744/566
f 426/744/566 420/740/562 419/741/563 425/745/567
f 425/745/567 419/741/563 418/742/564 424/746/568
f 424/746/568 418/742/564 417/743/565 423/747/569
f 423/747/569 417/743/565 415/330/284 421/328/282
f 428/77/74 422/87/84 426/744/566 432/748/570
f 432/748/570 426/744/566 425/745/567 431/749/571
f 431/749/571 425/745/567 424/746/568 430/750/572
f 430/750/572 424/746/568 423/747/569 429/751/573
f 429/751/573 423/747/569 421/328/282 427/326/280
f 392/7/7 428/77/74 432/748/570 396/752/574
f 396/752/574 432/748/570 431/749/571 395/753/575
f 395/753/575 431/749/571 430/750/572 394/754/576
f 394/754/576 430/750/572 429/751/573 393/755/577
f 393/755/577 429/751/573 427/326/280 391/90/87
f 289/16/16 344/15/15 348/688/510 291/656/478
f 291/656/478 348/688/510 347/689/511 292/657/479
f 292/657/479 347/689/511 346/690/512 293/658/480
f 293/658/480 346/690/512 345/691/513 294/659/481
f 294/659/481 345/691/513 343/38/37 290/37/36
f 385/24/24 296/23/23 300/625/451 387/724/546
f 387/724/546 300/625/451 299/627/453 388/726/548
f 388/726/548 299/627/453 298/629/455 389/728/550
f 389/728/550 298/629/455 297/631/457 390/730/552
f 390/730/552 297/631/457 295/303/259 386/334/288
f 391/90/87 434/89/86 438/698/520 393/755/577
f 393/755/577 438/698/520 437/696/518 394/754/576
f 394/754/576 437/696/518 436/694/516 395/753/575
f 395/753/575 436/694/516 435/692/514 396/752/574
f 396/752/574 435/692/514 433/8/8 392/7/7
f 439/42/41 338/41/40 342/666/488 441/723/545
f 441/723/545 342/666/488 341/664/486 442/756/544
f 442/756/544 341/664/486 340/662/484 443/757/543
f 443/757/543 340/662/484 339/660/482 444/758/542
f 444/758/542 339/660/482 337/20/20 440/19/19
f 482/182/175 487/181/174 489/759/578 486/760/579
f 486/760/579 489/759/578 490/761/580 485/762/581
f 485/762/581 490/761/580 491/763/582 484/764/583
f 484/764/583 491/763/582 492/765/584 483/766/585
f 483/766/585 492/765/584 488/270/240 481/314/170
f 487/181/174 493/252/231 495/767/586 489/759/578
f 489/759/578 495/767/586 496/768/587 490/761/580
f 490/761/580 496/768/587 497/769/588 491/763/582
f 491/763/582 497/769/588 498/770/589 492/765/584
f 492/765/584 498/770/589 494/203/194 488/270/240
f 493/252/231 499/258/234 501/771/590 495/767/586
f 495/767/586 501/771/590 502/772/591 496/768/587
f 496/768/587 502/772/591 503/773/592 497/769/588
f 497/769/588 503/773/592 504/774/593 498/770/589
f 498/770/589 504/774/593 500/204/195 494/203/194
f 499/265/234 505/264/237 507/775/594 501/771/590
f 501/771/590 507/775/594 508/776/595 502/772/591
f 502/772/591 508/776/595 509/777/596 503/773/592
f 503/773/592 509/777/596 510/778/597 504/774/593
f 504/774/593 510/778/597 506/217/208 500/204/195
f 505/264/237 511/269/239 513/779/598 507/775/594
f 507/775/594 513/779/598 514/780/599 508/776/595
f 508/776/595 514/780/599 515/781/600 509/777/596
f 509/777/596 515/781/600 516/782/601 510/778/597
f 510/778/597 516/782/601 512/159/153 506/217/208
f 511/269/239 517/275/243 519/783/602 513/779/598
f 513/779/598 519/783/602 520/784/603 514/780/599
f 514/780/599 520/784/603 521/785/604 515/781/600
f 515/781/600 521/785/604 522/786/605 516/782/601
f 516/782/601 522/786/605 518/160/154 512/159/153
f 517/275/243 523/280/245 525/787/606 519/783/602
f 519/783/602 525/787/606 526/788/607 520/784/603
f 520/784/603 526/788/607 527/789/608 521/785/604
f 521/785/604 527/789/608 528/790/609 522/786/605
f 522/786/605 528/790/609 524/195/188 518/160/154
f 523/280/245 529/284/247 531/791/610 525/787/606
f 525/787/606 531/791/610 532/792/611 526/788/607
f 526/788/607 532/792/611 533/793/612 527/789/608
f 527/789/608 533/793/612 534/794/613 528/790/609
f 528/790/609 534/794/613 530/213/204 524/195/188
f 529/284/247 535/288/249 537/795/614 531/791/610
f 531/791/610 537/795/614 538/796/615 532/792/611
f 532/792/611 538/796/615 539/797/616 533/793/612
f 533/793/612 539/797/616 540/798/617 534/794/613
f 534/794/613 540/798/617 536/223/214 530/213/204
f 535/288/249 541/292/251 543/799/618 537/795/614
f 537/795/614 543/799/618 544/800/619 538/796/615
f 538/796/615 544/800/619 545/801/620 539/797/616
f 539/797/616 545/801/620 546/802/621 540/798/617
f 540/798/617 546/802/621 542/183/176 536/223/214
f 541/292/251 547/293/223 549/803/622 543/799/618
f 543/799/618 549/803/622 550/804/623 544/800/619
f 544/800/619 550/804/623 551/805/624 545/801/620
f 545/801/620 551/805/624 552/806/625 546/802/621
f 546/802/621 552/806/625 548/184/177 542/183/176
f 547/234/223 553/233/222 555/807/626 549/803/622
f 549/803/622 555/807/626 556/808/627 550/804/623
f 550/804/623 556/808/627 557/809/628 551/805/624
f 551/805/624 557/809/628 558/810/629 552/806/625
f 552/806/625 558/810/629 554/207/198 548/184/177
f 553/233/222 559/238/225 561/811/630 555/807/626
f 555/807/626 561/811/630 562/812/631 556/808/627
f 556/808/627 562/812/631 563/813/632 557/809/628
f 557/809/628 563/813/632 564/814/633 558/810/629
f 558/810/629 564/814/633 560/219/210 554/207/198
f 559/238/225 565/242/227 567/815/634 561/811/630
f 561/811/630 567/815/634 568/816/635 562/812/631
f 562/812/631 568/816/635 569/817/636 563/813/632
f 563/813/632 569/817/636 570/818/637 564/814/633
f 564/814/633 570/818/637 566/167/161 560/219/210
f 565/242/227 571/250/230 573/819/638 567/815/634
f 567/815/634 573/819/638 574/820/639 568/816/635
f 568/816/635 574/820/639 575/821/640 569/817/636
f 569/817/636 575/821/640 576/822/641 570/818/637
f 570/818/637 576/822/641 572/168/162 566/167/161
f 571/250/230 577/256/233 579/823/642 573/819/638
f 573/819/638 579/823/642 580/824/643 574/820/639
f 574/820/639 580/824/643 581/825/644 575/821/640
f 575/821/640 581/825/644 582/826/645 576/822/641
f 576/822/641 582/826/645 578/197/190 572/168/162
f 577/256/233 583/262/236 585/827/646 579/823/642
f 579/823/642 585/827/646 586/828/647 580/824/643
f 580/824/643 586/828/647 587/829/648 581/825/644
f 581/825/644 587/829/648 588/830/649 582/826/645
f 582/826/645 588/830/649 584/215/206 578/197/190
f 583/262/236 589/267/238 591/831/650 585/827/646
f 585/827/646 591/831/650 592/832/651 586/828/647
f 586/828/647 592/832/651 593/833/652 587/829/648
f 587/829/648 593/833/652 594/834/653 588/830/649
f 588/830/649 594/834/653 590/225/216 584/215/206
f 589/267/238 595/273/242 597/835/654 591/831/650
f 591/831/650 597/835/654 598/836/655 592/832/651
f 592/832/651 598/836/655 599/837/656 593/833/652
f 593/833/652 599/837/656 600/838/657 594/834/653
f 594/834/653 600/838/657 596/187/180 590/225/216
f 595/278/242 601/277/244 603/839/658 597/835/654
f 597/835/654 603/839/658 604/840/659 598/836/655
f 598/836/655 604/840/659 605/841/660 599/837/656
f 599/837/656 605/841/660 606/842/661 600/838/657
f 600/838/657 606/842/661 602/188/181 596/187/180
f 601/277/244 607/282/246 609/843/662 603/839/658
f 603/839/658 609/843/662 610/844/663 604/840/659
f 604/840/659 610/844/663 611/845/664 605/841/660
f 605/841/660 611/845/664 612/846/665 606/842/661
f 606/842/661 612/846/665 608/209/200 602/188/181
f 607/282/246 613/286/248 615/847/666 609/843/662
f 609/843/662 615/847/666 616/848/667 610/844/663
f 610/844/663 616/848/667 617/849/668 611/845/664
f 611/845/664 617/849/668 618/850/669 612/846/665
f 612/846/665 618/850/669 614/221/212 608/209/200
f 613/286/248 619/290/250 621/851/670 615/847/666
f 615/847/666 621/851/670 622/852/671 616/848/667
f 616/848/667 622/852/671 623/853/672 617/849/668
f 617/849/668 623/853/672 624/854/673 618/850/669
f 618/850/669 624/854/673 620/171/165 614/221/212
f 619/290/250 625/202/193 627/855/674 621/851/670
f 621/851/670 627/855/674 628/856/675 622/852/671
f 622/852/671 628/856/675 629/857/676 623/853/672
f 623/853/672 629/857/676 630/858/677 624/854/673
f 624/854/673 630/858/677 626/172/166 620/171/165
f 625/202/193 631/201/192 633/859/678 627/855/674
f 627/855/674 633/859/678 634/860/679 628/856/675
f 628/856/675 634/860/679 635/861/680 629/857/676
f 629/857/676 635/861/680 636/862/681 630/858/677
f 630/858/677 636/862/681 632/163/157 626/172/166
f 631/201/192 637/236/224 639/863/682 633/859/678
f 633/859/678 639/863/682 640/864/683 634/860/679
f 634/860/679 640/864/683 641/865/684 635/861/680
f 635/861/680 641/865/684 642/866/685 636/862/681
f 636/862/681 642/866/685 638/164/158 632/163/157
f 637/236/224 643/240/226 645/867/686 639/863/682
f 639/863/682 645/867/686 646/868/687 640/864/683
f 640/864/683 646/868/687 647/869/688 641/865/684
f 641/865/684 647/869/688 648/870/689 642/866/685
f 642/866/685 648/870/689 644/227/218 638/164/158
f 643/240/226 649/248/229 651/871/690 645/867/686
f 645/867/686 651/871/690 652/872/691 646/868/687
f 646/868/687 652/872/691 653/873/692 647/869/688
f 647/869/688 653/873/692 654/874/693 648/870/689
f 648/870/689 654/874/693 650/191/184 644/227/218
f 649/248/229 655/254/232 657/875/694 651/871/690
f 651/871/690 657/875/694 658/876/695 652/872/691
f 652/872/691 658/876/695 659/877/696 653/873/692
f 653/873/692 659/877/696 660/878/697 654/874/693
f 654/874/693 660/878/697 656/192/185 650/191/184
f 655/254/232 661/260/235 663/879/698 657/875/694
f 657/875/694 663/879/698 664/880/699 658/876/695
f 658/876/695 664/880/699 665/881/700 659/877/696
f 659/877/696 665/881/700 666/882/701 660/878/697
f 660/878/697 666/882/701 662/211/202 656/192/185
f 661/260/235 667/246/228 669/883/702 663/879/698
f 663/879/698 669/883/702 670/884/703 664/880/699
f 664/880/699 670/884/703 671/885/704 665/881/700
f 665/881/700 671/885/704 672/886/705 666/882/701
f 666/882/701 672/886/705 668/175/169 662/211/202
f 667/246/228 482/245/175 486/887/579 669/883/702
f 669/883/702 486/887/579 485/888/581 670/884/703
f 670/884/703 485/888/581 484/889/583 671/885/704
f 671/885/704 484/889/583 483/890/585 672/886/705
f 672/886/705 483/890/585 481/176/170 668/175/169
f 1208/2/2 88/13/13 289/16/16 301/3/3
f 737/891/152 674/892/152 676/893/93 738/894/93
f 767/895/92 673/896/92 674/892/152 737/891/152
f 766/897/150 704/898/150 675/899/89 768/900/89
f 765/901/148 703/902/148 704/898/150 766/897/150
f 764/903/146 702/904/146 703/902/148 765/901/148
f 763/905/144 701/906/144 702/904/146 764/903/146
f 762/907/142 700/908/142 701/906/144 763/905/144
f 761/909/140 699/910/140 700/908/142 762/907/142
f 760/911/138 698/912/138 699/910/140 761/909/140
f 759/913/136 697/914/136 698/912/138 760/911/138
f 758/915/134 696/916/134 697/914/136 759/913/136
f 757/917/132 695/918/132 696/916/134 758/915/134
f 756/919/130 694/920/130 695/918/132 757/917/132
f 755/921/128 693/922/128 694/920/130 756/919/130
f 754/923/126 692/924/126 693/922/128 755/921/128
f 753/925/124 691/926/124 692/924/126 754/923/126
f 752/927/122 690/928/122 691/926/124 753/925/124
f 751/929/120 689/930/120 690/928/122 752/927/122
f 750/931/118 688/932/118 689/930/120 751/929/120
f 749/933/116 687/934/116 688/932/118 750/931/118
f 748/935/114 686/936/114 687/934/116 749/933/116
f 747/937/112 685/938/112 686/936/114 748/935/114
f 746/939/110 684/940/110 685/938/112 747/937/112
f 745/941/108 683/942/108 684/940/110 746/939/110
f 744/943/106 682/944/106 683/942/108 745/941/108
f 743/945/104 681/946/104 682/944/106 744/943/106
f 742/947/102 680/948/102 681/946/104 743/945/104
f 741/949/100 679/950/100 680/948/102 742/947/102
f 740/951/98 678/952/98 679/950/100 741/949/100
f 739/953/96 677/954/96 678/952/98 740/951/98
f 738/894/93 676/893/93 677/954/96 739/953/96
f 768/900/89 675/899/89 673/955/92 767/956/92
f 34/957/152 769/958/152 770/959/93 35/960/93
f 33/961/92 799/962/92 769/958/152 34/957/152
f 63/963/150 798/964/150 800/965/89 64/966/89
f 62/967/148 797/968/148 798/964/150 63/963/150
f 61/969/146 796/970/146 797/968/148 62/967/148
f 60/971/144 795/972/144 796/970/146 61/969/146
f 59/973/142 794/974/142 795/972/144 60/971/144
f 58/975/140 793/976/140 794/974/142 59/973/142
f 57/977/138 792/978/138 793/976/140 58/975/140
f 56/979/136 791/980/136 792/978/138 57/977/138
f 55/981/134 790/982/134 791/980/136 56/979/136
f 54/983/132 789/984/132 790/982/134 55/981/134
f 53/985/130 788/986/130 789/984/132 54/983/132
f 52/987/128 787/988/128 788/986/130 53/985/130
f 51/989/126 786/990/126 787/988/128 52/987/128
f 50/991/124 785/992/124 786/990/126 51/989/126
f 49/993/122 784/994/122 785/992/124 50/991/124
f 48/995/120 783/996/120 784/994/122 49/993/122
f 47/997/118 782/998/118 783/996/120 48/995/120
f 46/999/116 781/1000/116 782/998/118 47/997/118
f 45/1001/114 780/1002/114 781/1000/116 46/999/116
f 44/1003/112 779/1004/112 780/1002/114 45/1001/114
f 43/1005/110 778/1006/110 779/1004/112 44/1003/112
f 42/1007/108 777/1008/108 778/1006/110 43/1005/110
f 41/1009/106 776/1010/106 777/1008/108 42/1007/108
f 40/1011/104 775/1012/104 776/1010/106 41/1009/106
f 39/1013/102 774/1014/102 775/1012/104 40/1011/104
f 38/1015/100 773/1016/100 774/1014/102 39/1013/102
f 37/1017/98 772/1018/98 773/1016/100 38/1015/100
f 36/1019/96 771/1020/96 772/1018/98 37/1017/98
f 35/960/93 770/959/93 771/1020/96 36/1019/96
f 64/966/89 800/965/89 799/1021/92 33/1022/92
f 1271/1023/706 1324/1024/707 1326/1025/708 1272/1026/709
f 1257/1027/710 1347/1028/711 1001/1029/712 1258/1030/713
f 1267/1031/714 1315/1032/715 1318/1033/716 1268/1034/717
f 856/1035/718 898/1036/719 953/1037/720 1274/1038/721
f 1281/1039/722 1331/1040/723 1049/1041/724 1250/1042/725
f 1265/1043/726 1363/1044/727 905/1045/728 1266/1046/729
f 1280/1047/730 959/1048/731 1331/1040/723 1281/1039/722
f 1268/1034/717 1318/1033/716 1320/1049/732 1269/1050/733
f 1220/1051/734 1221/1052/735 929/1053/736 935/1054/737
f 1269/1050/733 1320/1055/732 1322/1056/738 1270/1057/738
f 1270/1057/738 1322/1056/738 1324/1024/707 1271/1023/706
f 1225/1058/739 1233/1059/740 952/1060/741 899/1061/742
f 1226/1062/743 1241/1063/744 1048/1064/745 947/1065/746
f 1279/1066/747 965/1067/748 959/1048/731 1280/1047/730
f 1278/1068/749 971/1069/749 965/1067/748 1279/1066/747
f 1277/1070/750 977/1071/751 971/1069/749 1278/1068/749
f 1276/1072/752 983/1073/753 977/1071/751 1277/1070/750
f 1275/1074/754 989/1075/755 983/1073/753 1276/1072/752
f 958/1076/756 964/1077/757 1228/1078/758 1227/1079/759
f 1250/1080/725 1049/1081/724 1085/1082/760 1251/1083/761
f 1255/1084/762 1061/1085/763 1055/1086/764 1256/1087/765
f 1254/1088/766 1067/1089/766 1061/1085/763 1255/1084/762
f 1253/1090/767 1073/1091/768 1067/1089/766 1254/1088/766
f 1252/1092/769 1079/1093/770 1073/1091/768 1253/1090/767
f 1251/1083/761 1085/1082/760 1079/1093/770 1252/1092/769
f 1054/1094/771 1060/1095/772 1236/1096/773 1235/1097/774
f 1258/1030/713 1001/1029/712 1037/1098/775 1259/1099/776
f 1263/1100/777 1013/1101/778 1007/1102/779 1264/1103/780
f 1262/1104/781 1019/1105/781 1013/1101/778 1263/1100/777
f 1261/1106/782 1025/1107/783 1019/1105/781 1262/1104/781
f 1260/1108/784 1031/1109/785 1025/1107/783 1261/1106/782
f 1259/1099/776 1037/1098/775 1031/1109/785 1260/1108/784
f 1234/1110/786 1249/1111/787 1000/1112/788 1043/1113/789
f 1090/1114/790 1283/1115/791 897/1116/792 1121/1117/793
f 867/1118/794 1092/1119/795 1093/1120/796 1285/1121/797
f 1285/1121/797 1093/1122/796 1094/1123/798 1286/1124/799
f 1286/1124/799 1094/1123/798 1095/1125/800 1287/1126/801
f 1287/1126/801 1095/1125/800 1096/1127/802 1288/1128/803
f 1288/1128/803 1096/1127/802 1097/1129/804 1289/1130/805
f 1289/1130/805 1097/1129/804 1098/1131/806 1290/1132/807
f 1290/1132/807 1098/1131/806 1099/1133/808 1291/1134/809
f 1291/1135/809 1099/1133/808 1100/1136/810 1292/1137/811
f 1292/1137/811 1100/1136/810 1101/1138/812 1293/1139/813
f 1293/1139/813 1101/1140/812 1102/1141/814 877/1142/815
f 877/1142/815 1102/1141/814 1103/1143/816 878/1144/817
f 878/1144/817 1103/1143/816 1104/1145/818 879/1146/819
f 879/1146/819 1104/1145/818 1105/1147/820 880/1148/821
f 880/1148/821 1105/1147/820 1106/1149/822 881/1150/823
f 881/1150/823 1106/1149/822 1107/1151/824 883/1152/825
f 883/1152/825 1107/1151/824 1108/1153/826 884/1154/827
f 884/1154/827 1108/1153/826 1109/1155/828 885/1156/829
f 885/1156/829 1109/1157/828 1110/1158/830 886/1159/831
f 886/1159/831 1110/1158/830 1111/1160/832 887/1161/833
f 887/1161/833 1111/1160/832 1112/1162/834 888/1163/835
f 888/1163/835 1112/1162/834 1113/1164/836 889/1165/837
f 889/1165/837 1113/1164/836 1114/1166/838 890/1167/839
f 890/1167/839 1114/1166/838 1115/1168/840 891/1169/841
f 891/1169/841 1115/1168/840 1116/1170/842 892/1171/843
f 892/1171/843 1116/1170/842 1117/1172/844 893/1173/845
f 893/1173/845 1117/1172/844 1118/1174/846 894/1175/847
f 894/1175/847 1118/1174/846 1119/1176/848 895/1177/849
f 895/1177/849 1119/1176/848 1120/1178/850 896/1179/851
f 1121/1117/793 897/1116/792 896/1179/851 1120/1178/850
f 1283/1180/791 1090/1181/790 1091/1182/852 1282/1183/853
f 1218/1184/854 1220/1051/734 935/1054/737 941/1185/855
f 1221/1186/735 1222/1187/856 923/1188/857 929/1189/736
f 1222/1187/856 1223/1190/858 917/1191/859 923/1188/857
f 1223/1190/858 1224/1192/860 911/1193/861 917/1191/859
f 1224/1192/860 1225/1058/739 899/1061/742 911/1193/861
f 1219/1194/862 1218/1184/854 941/1185/855 904/1195/863
f 988/1196/864 952/1060/741 1233/1059/740 1232/1197/865
f 1264/1103/780 1007/1102/779 1363/1044/727 1265/1043/726
f 982/1198/866 988/1196/864 1232/1197/865 1231/1199/867
f 976/1200/868 982/1198/866 1231/1199/867 1230/1201/869
f 970/1202/870 976/1200/868 1230/1201/869 1229/1203/871
f 964/1077/757 970/1202/870 1229/1203/871 1228/1078/758
f 947/1065/746 958/1076/756 1227/1079/759 1226/1062/743
f 1274/1038/721 953/1037/720 989/1075/755 1275/1074/754
f 1084/1204/872 1048/1064/745 1241/1063/744 1240/1205/873
f 1078/1206/874 1084/1204/872 1240/1205/873 1239/1207/875
f 1072/1208/876 1078/1206/874 1239/1207/875 1238/1209/877
f 1066/1210/878 1072/1208/876 1238/1209/877 1237/1211/879
f 1060/1095/772 1066/1210/878 1237/1211/879 1236/1096/773
f 1043/1113/789 1054/1094/771 1235/1097/774 1234/1110/786
f 1006/1212/880 1012/1213/881 1244/1214/882 1243/1215/883
f 1036/1216/884 1000/1112/788 1249/1111/787 1248/1217/885
f 1256/1087/765 1055/1086/764 1347/1028/711 1257/1027/710
f 1030/1218/886 1036/1216/884 1248/1217/885 1247/1219/887
f 1024/1220/888 1030/1218/886 1247/1219/887 1246/1221/889
f 1018/1222/890 1024/1220/888 1246/1221/889 1245/1223/891
f 1012/1213/881 1018/1222/890 1245/1223/891 1244/1214/882
f 995/1224/892 1006/1212/880 1243/1215/883 1242/1225/893
f 1266/1046/729 905/1045/728 1315/1032/715 1267/1031/714
f 1242/1225/893 1219/1194/862 904/1195/863 995/1224/892
f 866/1226/894 882/1227/895 865/1228/896
f 1284/1229/897 882/1227/895 866/1226/894
f 868/1230/898 882/1227/895 1284/1229/897
f 869/1231/899 882/1227/895 868/1230/898
f 870/1232/900 882/1227/895 869/1231/899
f 871/1233/901 882/1227/895 870/1232/900
f 872/1234/902 882/1227/895 871/1233/901
f 873/1235/903 882/1227/895 872/1234/902
f 874/1236/904 882/1227/895 873/1235/903
f 875/1237/905 882/1227/895 874/1238/904
f 876/1239/906 882/1227/895 875/1237/905
f 1294/1240/907 882/1227/895 876/1239/906
f 1295/1241/908 882/1227/895 1294/1240/907
f 1296/1242/909 882/1227/895 1295/1241/908
f 1297/1243/910 882/1227/895 1296/1242/909
f 1298/1244/911 882/1227/895 1297/1243/910
f 1299/1245/912 882/1227/895 1298/1244/911
f 1300/1246/913 882/1227/895 1299/1245/912
f 1301/1247/914 882/1227/895 1300/1246/913
f 1302/1248/915 882/1227/895 1301/1247/914
f 1303/1249/916 882/1227/895 1302/1248/915
f 1304/1250/917 882/1227/895 1303/1249/916
f 1305/1251/918 882/1227/895 1304/1250/917
f 1306/1252/919 882/1227/895 1305/1251/918
f 1307/1253/920 882/1227/895 1306/1252/919
f 1308/1254/921 882/1227/895 1307/1253/920
f 1309/1255/922 882/1227/895 1308/1254/921
f 1310/1256/923 882/1227/895 1309/1255/922
f 1311/1257/924 882/1227/895 1310/1256/923
f 1312/1258/925 882/1227/895 1311/1257/924
f 1313/1259/926 882/1227/895 1312/1258/925
f 865/1260/896 882/1227/895 1313/1259/926
f 1314/1261/927 909/1262/928 942/1263/929 940/1264/930
f 909/1262/928 908/1265/931 943/1266/932 942/1263/929
f 908/1265/931 907/1267/933 944/1268/934 943/1266/932
f 907/1267/933 906/1269/935 945/1270/936 944/1268/934
f 906/1269/935 1317/1271/937 1316/1272/938 945/1270/936
f 940/1264/930 942/1263/929 936/1273/939 934/1274/940
f 942/1263/929 943/1266/932 937/1275/941 936/1273/939
f 943/1266/932 944/1268/934 938/1276/942 937/1275/941
f 944/1268/934 945/1270/936 939/1277/943 938/1276/942
f 945/1270/936 1316/1272/938 1319/1278/944 939/1277/943
f 934/1274/940 936/1273/939 930/1279/945 928/1280/946
f 936/1273/939 937/1275/941 931/1281/947 930/1279/945
f 937/1275/941 938/1276/942 932/1282/948 931/1281/947
f 938/1276/942 939/1277/943 933/1283/949 932/1282/948
f 939/1277/943 1319/1278/944 1321/1284/950 933/1283/949
f 928/1285/946 930/1286/945 924/1287/951 922/1288/952
f 930/1286/945 931/1289/947 925/1290/953 924/1287/951
f 931/1289/947 932/1291/948 926/1292/954 925/1290/953
f 932/1291/948 933/1293/949 927/1294/955 926/1292/954
f 933/1293/949 1321/1295/950 1323/1296/956 927/1294/955
f 922/1288/952 924/1287/951 918/1297/957 916/1298/958
f 924/1287/951 925/1290/953 919/1299/959 918/1297/957
f 925/1290/953 926/1292/954 920/1300/960 919/1299/959
f 926/1292/954 927/1294/955 921/1301/961 920/1300/960
f 927/1294/955 1323/1296/956 1325/1302/962 921/1301/961
f 916/1298/958 918/1297/957 912/1303/963 910/1304/964
f 918/1297/957 919/1299/959 913/1305/965 912/1303/963
f 919/1299/959 920/1300/960 914/1306/966 913/1305/965
f 920/1300/960 921/1301/961 915/1307/967 914/1306/966
f 921/1301/961 1325/1302/962 1327/1308/968 915/1307/967
f 910/1304/964 912/1303/963 900/1309/969 1328/1310/970
f 912/1303/963 913/1305/965 901/1311/971 900/1309/969
f 913/1305/965 914/1306/966 902/1312/972 901/1311/971
f 914/1306/966 915/1307/967 903/1313/973 902/1312/972
f 915/1307/967 1327/1308/968 1329/1314/974 903/1313/973
f 1330/1315/975 963/1316/976 948/1317/977 946/1318/978
f 963/1316/976 962/1319/979 949/1320/980 948/1317/977
f 962/1319/979 961/1321/981 950/1322/982 949/1320/980
f 961/1321/981 960/1323/983 951/1324/984 950/1322/982
f 960/1323/983 1333/1325/985 1332/1326/986 951/1324/984
f 1334/1327/987 969/1328/988 963/1316/976 1330/1315/975
f 969/1328/988 968/1329/989 962/1319/979 963/1316/976
f 968/1329/989 967/1330/990 961/1321/981 962/1319/979
f 967/1330/990 966/1331/991 960/1323/983 961/1321/981
f 966/1331/991 1335/1332/992 1333/1325/985 960/1323/983
f 1336/1333/993 975/1334/994 969/1328/988 1334/1327/987
f 975/1334/994 974/1335/995 968/1329/989 969/1328/988
f 974/1335/995 973/1336/996 967/1330/990 968/1329/989
f 973/1336/996 972/1337/997 966/1331/991 967/1330/990
f 972/1337/997 1337/1338/998 1335/1332/992 966/1331/991
f 1338/1339/999 981/1340/1000 975/1334/994 1336/1333/993
f 981/1340/1000 980/1341/1001 974/1335/995 975/1334/994
f 980/1341/1001 979/1342/1002 973/1336/996 974/1335/995
f 979/1342/1002 978/1343/1003 972/1337/997 973/1336/996
f 978/1343/1003 1339/1344/1004 1337/1338/998 972/1337/997
f 1340/1345/1005 987/1346/1006 981/1340/1000 1338/1339/999
f 987/1346/1006 986/1347/1007 980/1341/1001 981/1340/1000
f 986/1347/1007 985/1348/1008 979/1342/1002 980/1341/1001
f 985/1348/1008 984/1349/1009 978/1343/1003 979/1342/1002
f 984/1349/1009 1341/1350/1010 1339/1344/1004 978/1343/1003
f 1342/1351/1011 993/1352/1012 987/1346/1006 1340/1345/1005
f 993/1352/1012 992/1353/1013 986/1347/1007 987/1346/1006
f 992/1353/1013 991/1354/1014 985/1348/1008 986/1347/1007
f 991/1354/1014 990/1355/1015 984/1349/1009 985/1348/1008
f 990/1355/1015 1343/1356/1016 1341/1350/1010 984/1349/1009
f 1344/1357/1017 957/1358/1018 993/1352/1012 1342/1351/1011
f 957/1358/1018 956/1359/1019 992/1353/1013 993/1352/1012
f 956/1359/1019 955/1360/1020 991/1354/1014 992/1353/1013
f 955/1360/1020 954/1361/1021 990/1355/1015 991/1354/1014
f 954/1361/1021 1345/1362/1022 1343/1356/1016 990/1355/1015
f 1346/1363/1023 1059/1364/1024 1044/1365/1025 1042/1366/1026
f 1059/1364/1024 1058/1367/1027 1045/1368/1028 1044/1365/1025
f 1058/1367/1027 1057/1369/1029 1046/1370/1030 1045/1368/1028
f 1057/1369/1029 1056/1371/1031 1047/1372/1032 1046/1370/1030
f 1056/1371/1031 1349/1373/1033 1348/1374/1034 1047/1372/1032
f 1350/1375/1035 1065/1376/1036 1059/1364/1024 1346/1363/1023
f 1065/1376/1036 1064/1377/1037 1058/1367/1027 1059/1364/1024
f 1064/1377/1037 1063/1378/1038 1057/1369/1029 1058/1367/1027
f 1063/1378/1038 1062/1379/1039 1056/1371/1031 1057/1369/1029
f 1062/1379/1039 1351/1380/1040 1349/1373/1033 1056/1371/1031
f 1352/1381/1041 1071/1382/1042 1065/1376/1036 1350/1375/1035
f 1071/1382/1042 1070/1383/1043 1064/1377/1037 1065/1376/1036
f 1070/1383/1043 1069/1384/1044 1063/1378/1038 1064/1377/1037
f 1069/1384/1044 1068/1385/1045 1062/1379/1039 1063/1378/1038
f 1068/1385/1045 1353/1386/1046 1351/1380/1040 1062/1379/1039
f 1354/1387/1047 1077/1388/1048 1071/1382/1042 1352/1381/1041
f 1077/1388/1048 1076/1389/1049 1070/1383/1043 1071/1382/1042
f 1076/1389/1049 1075/1390/1050 1069/1384/1044 1070/1383/1043
f 1075/1390/1050 1074/1391/1051 1068/1385/1045 1069/1384/1044
f 1074/1391/1051 1355/1392/1052 1353/1386/1046 1068/1385/1045
f 1356/1393/1053 1083/1394/1054 1077/1388/1048 1354/1387/1047
f 1083/1394/1054 1082/1395/1055 1076/1389/1049 1077/1388/1048
f 1082/1395/1055 1081/1396/1056 1075/1390/1050 1076/1389/1049
f 1081/1396/1056 1080/1397/1057 1074/1391/1051 1075/1390/1050
f 1080/1397/1057 1357/1398/1058 1355/1392/1052 1074/1391/1051
f 1358/1399/1059 1089/1400/1060 1083/1394/1054 1356/1393/1053
f 1089/1400/1060 1088/1401/1061 1082/1395/1055 1083/1394/1054
f 1088/1401/1061 1087/1402/1062 1081/1396/1056 1082/1395/1055
f 1087/1402/1062 1086/1403/1063 1080/1397/1057 1081/1396/1056
f 1086/1403/1063 1359/1404/1064 1357/1398/1058 1080/1397/1057
f 1360/1405/1065 1053/1406/1066 1089/1400/1060 1358/1399/1059
f 1053/1406/1066 1052/1407/1067 1088/1401/1061 1089/1400/1060
f 1052/1407/1067 1051/1408/1068 1087/1402/1062 1088/1401/1061
f 1051/1408/1068 1050/1409/1069 1086/1403/1063 1087/1402/1062
f 1050/1409/1069 1361/1410/1070 1359/1404/1064 1086/1403/1063
f 1362/1411/1071 1011/1412/1072 996/1413/1073 994/1414/1074
f 1011/1412/1072 1010/1415/1075 997/1416/1076 996/1413/1073
f 1010/1415/1075 1009/1417/1077 998/1418/1078 997/1416/1076
f 1009/1417/1077 1008/1419/1079 999/1420/1080 998/1418/1078
f 1008/1419/1079 1365/1421/1081 1364/1422/1082 999/1420/1080
f 1366/1423/1083 1017/1424/1084 1011/1412/1072 1362/1411/1071
f 1017/1424/1084 1016/1425/1085 1010/1415/1075 1011/1412/1072
f 1016/1425/1085 1015/1426/1086 1009/1417/1077 1010/1415/1075
f 1015/1426/1086 1014/1427/1087 1008/1419/1079 1009/1417/1077
f 1014/1427/1087 1367/1428/1088 1365/1421/1081 1008/1419/1079
f 1368/1429/1089 1023/1430/1090 1017/1424/1084 1366/1423/1083
f 1023/1430/1090 1022/1431/1091 1016/1425/1085 1017/1424/1084
f 1022/1431/1091 1021/1432/1092 1015/1426/1086 1016/1425/1085
f 1021/1432/1092 1020/1433/1093 1014/1427/1087 1015/1426/1086
f 1020/1433/1093 1369/1434/1094 1367/1428/1088 1014/1427/1087
f 1370/1435/1095 1029/1436/1096 1023/1430/1090 1368/1429/1089
f 1029/1436/1096 1028/1437/1097 1022/1431/1091 1023/1430/1090
f 1028/1437/1097 1027/1438/1098 1021/1432/1092 1022/1431/1091
f 1027/1438/1098 1026/1439/1099 1020/1433/1093 1021/1432/1092
f 1026/1439/1099 1371/1440/1100 1369/1434/1094 1020/1433/1093
f 1372/1441/1101 1035/1442/1102 1029/1436/1096 1370/1435/1095
f 1035/1442/1102 1034/1443/1103 1028/1437/1097 1029/1436/1096
f 1034/1443/1103 1033/1444/1104 1027/1438/1098 1028/1437/1097
f 1033/1444/1104 1032/1445/1105 1026/1439/1099 1027/1438/1098
f 1032/1445/1105 1373/1446/1106 1371/1440/1100 1026/1439/1099
f 1374/1447/1107 1041/1448/1108 1035/1442/1102 1372/1441/1101
f 1041/1448/1108 1040/1449/1109 1034/1443/1103 1035/1442/1102
f 1040/1449/1109 1039/1450/1110 1033/1444/1104 1034/1443/1103
f 1039/1450/1110 1038/1451/1111 1032/1445/1105 1033/1444/1104
f 1038/1451/1111 1375/1452/1112 1373/1446/1106 1032/1445/1105
f 1376/1453/1113 1005/1454/1114 1041/1448/1108 1374/1447/1107
f 1005/1454/1114 1004/1455/1115 1040/1449/1109 1041/1448/1108
f 1004/1455/1115 1003/1456/1116 1039/1450/1110 1040/1449/1109
f 1003/1456/1116 1002/1457/1117 1038/1451/1111 1039/1450/1110
f 1002/1457/1117 1377/1458/1118 1375/1452/1112 1038/1451/1111
f 1328/1310/970 900/1309/969 957/1358/1018 1344/1357/1017
f 900/1309/969 901/1311/971 956/1359/1019 957/1358/1018
f 901/1311/971 902/1312/972 955/1360/1020 956/1359/1019
f 902/1312/972 903/1313/973 954/1361/1021 955/1360/1020
f 903/1313/973 1329/1314/974 1345/1362/1022 954/1361/1021
f 994/1414/1074 996/1413/1073 909/1262/928 1314/1261/927
f 996/1413/1073 997/1416/1076 908/1265/931 909/1262/928
f 997/1416/1076 998/1418/1078 907/1267/933 908/1265/931
f 998/1418/1078 999/1420/1080 906/1269/935 907/1267/933
f 999/1420/1080 1364/1422/1082 1317/1271/937 906/1269/935
f 1377/1458/1118 1002/1457/1117 1047/1372/1032 1348/1374/1034
f 1002/1457/1117 1003/1456/1116 1046/1370/1030 1047/1372/1032
f 1003/1456/1116 1004/1455/1115 1045/1368/1028 1046/1370/1030
f 1004/1455/1115 1005/1454/1114 1044/1365/1025 1045/1368/1028
f 1005/1454/1114 1376/1453/1113 1042/1366/1026 1044/1365/1025
f 1361/1410/1070 1050/1409/1069 951/1324/984 1332/1326/986
f 1050/1409/1069 1051/1459/1068 950/1322/982 951/1324/984
f 1051/1459/1068 1052/1460/1067 949/1320/980 950/1322/982
f 1052/1460/1067 1053/1461/1066 948/1317/977 949/1320/980
f 1053/1461/1066 1360/1462/1065 946/1318/978 948/1317/977
f 1091/1182/852 834/1463/1119 835/1464/1120 1092/1119/795
f 1092/1119/795 835/1464/1120 836/1465/1121 1093/1120/796
f 1093/1122/796 836/1465/1121 837/1466/1122 1094/1123/798
f 1094/1123/798 837/1466/1122 838/1467/1123 1095/1125/800
f 1095/1125/800 838/1467/1123 839/1468/1124 1096/1127/802
f 1096/1127/802 839/1468/1124 840/1469/1125 1097/1129/804
f 1097/1129/804 840/1469/1125 841/1470/1126 1098/1131/806
f 1098/1131/806 841/1470/1126 842/1471/1127 1099/1133/808
f 1099/1133/808 842/1471/1127 843/1472/1128 1100/1136/810
f 1100/1136/810 843/1472/1128 844/1473/1129 1101/1138/812
f 1101/1140/812 844/1473/1129 845/1474/1130 1102/1141/814
f 1102/1141/814 845/1474/1130 846/1475/1131 1103/1143/816
f 1103/1143/816 846/1475/1131 847/1476/1132 1104/1145/818
f 1104/1145/818 847/1476/1132 848/1477/1133 1105/1147/820
f 1105/1147/820 848/1477/1133 849/1478/1134 1106/1149/822
f 1106/1149/822 849/1478/1134 850/1479/1135 1107/1151/824
f 1107/1151/824 850/1479/1135 851/1480/1136 1108/1153/826
f 1108/1153/826 851/1480/1136 852/1481/1137 1109/1155/828
f 1109/1157/828 852/1481/1137 853/1482/1138 1110/1158/830
f 1110/1158/830 853/1482/1138 854/1483/1139 1111/1160/832
f 1111/1160/832 854/1483/1139 855/1484/1140 1112/1162/834
f 1112/1162/834 855/1484/1140 1273/1485/1141 1113/1164/836
f 1113/1164/836 1273/1485/1141 857/1486/1142 1114/1166/838
f 1114/1166/838 857/1486/1142 858/1487/1143 1115/1168/840
f 1115/1168/840 858/1487/1143 859/1488/1144 1116/1170/842
f 1116/1170/842 859/1488/1144 860/1489/1145 1117/1172/844
f 1117/1172/844 860/1489/1145 861/1490/1146 1118/1174/846
f 1118/1174/846 861/1490/1146 862/1491/1147 1119/1176/848
f 1119/1176/848 862/1491/1147 863/1492/1148 1120/1178/850
f 1120/1178/850 863/1492/1148 864/1493/1149 1121/1117/793
f 1121/1117/793 864/1493/1149 833/1494/1150 1090/1114/790
f 1090/1181/790 833/1495/1150 834/1463/1119 1091/1182/852
f 1272/1026/709 1326/1025/708 898/1036/719 856/1035/718
f 1282/1183/853 1091/1182/852 1092/1119/795 867/1118/794
f 1/1496/895 3/1497/895 803/1498/895 801/1499/895
f 3/1497/895 4/1500/895 804/1501/895 803/1498/895
f 4/1500/895 5/1502/895 805/1503/895 804/1501/895
f 5/1504/895 6/1505/895 806/1506/895 805/1507/895
f 6/1505/895 7/1508/895 807/1509/895 806/1506/895
f 7/1508/895 8/1510/895 808/1511/895 807/1509/895
f 8/1510/895 2/1512/895 802/1513/895 808/1511/895
f 16/1514/895 10/1515/895 810/1516/895 816/1517/895
f 15/1518/895 16/1514/895 816/1517/895 815/1519/895
f 14/1520/895 15/1518/895 815/1519/895 814/1521/895
f 13/1522/895 14/1520/895 814/1521/895 813/1523/895
f 12/1524/895 13/1522/895 813/1523/895 812/1525/895
f 11/1526/895 12/1524/895 812/1525/895 811/1527/895
f 9/1528/895 11/1526/895 811/1527/895 809/1529/895
f 32/1530/895 26/1531/895 826/1532/895 832/1533/895
f 31/1534/895 32/1530/895 832/1533/895 831/1535/895
f 30/1536/895 31/1534/895 831/1535/895 830/1537/895
f 29/1538/895 30/1536/895 830/1537/895 829/1539/895
f 28/1540/895 29/1538/895 829/1539/895 828/1541/895
f 27/1542/895 28/1540/895 828/1541/895 827/1543/895
f 25/1544/895 27/1542/895 827/1543/895 825/1545/895
f 24/1546/895 18/1547/895 818/1548/895 824/1549/895
f 23/1550/895 24/1546/895 824/1549/895 823/1551/895
f 22/1552/895 23/1550/895 823/1551/895 822/1553/895
f 21/1554/895 22/1552/895 822/1553/895 821/1555/895
f 20/1556/895 21/1554/895 821/1555/895 820/1557/895
f 19/1558/895 20/1556/895 820/1557/895 819/1559/895
f 17/1560/895 19/1558/895 819/1559/895 817/1561/895
f 2/1512/895 9/1528/895 809/1529/895 802/1513/895
f 10/1515/895 25/1544/895 825/1545/895 810/1516/895
f 26/1531/895 17/1560/895 817/1561/895 826/1532/895
f 18/1547/895 1/1496/895 801/1499/895 818/1548/895
usemtl White
f 674/892/152 707/158/152 708/96/93 676/893/93
f 673/896/92 705/155/92 707/158/152 674/892/152
f 704/898/150 736/154/150 706/92/89 675/899/89
f 703/902/148 735/152/148 736/154/150 704/898/150
f 702/904/146 734/150/146 735/152/148 703/902/148
f 701/906/144 733/148/144 734/150/146 702/904/146
f 700/908/142 732/146/142 733/148/144 701/906/144
f 699/910/140 731/144/140 732/146/142 700/908/142
f 698/912/138 730/142/138 731/144/140 699/910/140
f 697/914/136 729/140/136 730/142/138 698/912/138
f 696/916/134 728/138/134 729/140/136 697/914/136
f 695/918/132 727/136/132 728/138/134 696/916/134
f 694/920/130 726/134/130 727/136/132 695/918/132
f 693/922/128 725/132/128 726/134/130 694/920/130
f 692/924/126 724/130/126 725/132/128 693/922/128
f 691/926/124 723/128/124 724/130/126 692/924/126
f 690/928/122 722/126/122 723/128/124 691/926/124
f 689/930/120 721/124/120 722/126/122 690/928/122
f 688/932/118 720/122/118 721/124/120 689/930/120
f 687/934/116 719/120/116 720/122/118 688/932/118
f 686/936/114 718/118/114 719/120/116 687/934/116
f 685/938/112 717/116/112 718/118/114 686/936/114
f 684/940/110 716/114/110 717/116/112 685/938/112
f 683/942/108 715/111/108 716/114/110 684/940/110
f 682/944/106 714/109/106 715/111/108 683/942/108
f 681/946/104 713/107/104 714/109/106 682/944/106
f 680/948/102 712/105/102 713/107/104 681/946/104
f 679/950/100 711/103/100 712/105/102 680/948/102
f 678/952/98 710/101/98 711/103/100 679/950/100
f 677/954/96 709/99/96 710/101/98 678/952/98
f 676/893/93 708/96/93 709/99/96 677/954/96
f 675/899/89 706/92/89 705/95/92 673/955/92
f 800/965/89 768/900/89 767/956/92 799/1021/92
f 770/959/93 738/894/93 739/953/96 771/1020/96
f 771/1020/96 739/953/96 740/951/98 772/1018/98
f 772/1018/98 740/951/98 741/949/100 773/1016/100
f 773/1016/100 741/949/100 742/947/102 774/1014/102
f 774/1014/102 742/947/102 743/945/104 775/1012/104
f 775/1012/104 743/945/104 744/943/106 776/1010/106
f 776/1010/106 744/943/106 745/941/108 777/1008/108
f 777/1008/108 745/941/108 746/939/110 778/1006/110
f 778/1006/110 746/939/110 747/937/112 779/1004/112
f 779/1004/112 747/937/112 748/935/114 780/1002/114
f 780/1002/114 748/935/114 749/933/116 781/1000/116
f 781/1000/116 749/933/116 750/931/118 782/998/118
f 782/998/118 750/931/118 751/929/120 783/996/120
f 783/996/120 751/929/120 752/927/122 784/994/122
f 784/994/122 752/927/122 753/925/124 785/992/124
f 785/992/124 753/925/124 754/923/126 786/990/126
f 786/990/126 754/923/126 755/921/128 787/988/128
f 787/988/128 755/921/128 756/919/130 788/986/130
f 788/986/130 756/919/130 757/917/132 789/984/132
f 789/984/132 757/917/132 758/915/134 790/982/134
f 790/982/134 758/915/134 759/913/136 791/980/136
f 791/980/136 759/913/136 760/911/138 792/978/138
f 792/978/138 760/911/138 761/909/140 793/976/140
f 793/976/140 761/909/140 762/907/142 794/974/142
f 794/974/142 762/907/142 763/905/144 795/972/144
f 795/972/144 763/905/144 764/903/146 796/970/146
f 796/970/146 764/903/146 765/901/148 797/968/148
f 797/968/148 765/901/148 766/897/150 798/964/150
f 798/964/150 766/897/150 768/900/89 800/965/89
f 799/962/92 767/895/92 737/891/152 769/958/152
f 769/958/152 737/891/152 738/894/93 770/959/93
